Stress_1 [MPa],Strain_1,Stress_2 [MPa],Strain_2,Stress_3 [MPa],Strain_3,Stress_4 [MPa],Strain_4,Comment
0.6586929133858268,-9.84251968503937e-07,-0.16881259842519686,0.0,0.1863244094488189,0.0,-0.017662992125984253,-4.921259842519685e-07,"Black_215, Seq: 21, 28, 41, 48"
0.6947212598425198,4.970472440944882e-06,-0.23297637795275591,6.938976377952756e-06,0.47135433070866145,6.446850393700788e-06,0.2651464566929134,1.141732283464567e-05,
4.1671559055118115,5.255905511811024e-05,2.949984251968504,4.6604330708661414e-05,4.15379842519685,5.30511811023622e-05,6.12048188976378,6.845472440944883e-05,
12.727688188976378,0.00011707677165354331,11.186248818897639,0.00011358267716535433,12.126255118110238,0.0001175688976377953,13.440453543307088,0.00012549212598425197,
17.984582677165356,0.000159744094488189,17.25652913385827,0.00016023622047244094,17.22052283464567,0.00016023622047244094,18.682541732283465,0.0001676673228346457,
22.14084094488189,0.00019842519685039372,22.291322834645673,0.00020088582677165357,21.89156220472441,0.00020088582677165357,23.188733858267717,0.00020984251968503937,
26.958469291338584,0.00024109251968503937,27.137826771653543,0.00024256889763779528,26.24228346456693,0.00024355314960629922,27.747984251968507,0.0002529527559055118,
31.97870236220473,0.00028420275590551185,31.790355905511813,0.00028371062992125985,30.660623622047247,0.00028622047244094493,32.095250393700795,0.00029463582677165354,
36.42171968503937,0.00032785433070866145,36.36712755905512,0.00032637795275590556,35.2860062992126,0.0003283956692913386,36.27075590551181,0.0003358267716535433,
41.210226771653545,0.00037002952755905516,40.97499212598425,0.00036953740157480316,39.538762204724414,0.0003705216535433071,40.655288188976385,0.0003769685039370079,
45.28776377952756,0.000410728346456693,45.2460062992126,0.0004122047244094488,44.32011023622048,0.0004122047244094488,45.05709291338583,0.0004191437007874016,
49.511886614173235,0.00045039370078740163,49.68457952755905,0.00045285433070866145,48.47489133858268,0.00045339566929133865,49.773045669291335,0.0004608267716535433,
53.808809448818906,0.0004905511811023623,53.993842519685046,0.0004935531496062992,52.86559055118111,0.0004945374015748031,53.747429921259844,0.0005019685039370079,
58.54968818897638,0.000531742125984252,58.10567874015749,0.000532726377952756,56.9468283464567,0.0005342027559055118,58.49052913385827,0.0005421751968503937,
62.958894488188974,0.0005744094488188976,62.566459842519684,0.0005729330708661417,61.28422362204724,0.0005744094488188976,62.12435590551182,0.0005818405511811024,
67.28987716535434,0.0006165846456692915,66.631662992126,0.0006145669291338584,65.8560535433071,0.0006160925196850394,66.53899527559055,0.0006225393700787402,
71.87824251968505,0.0006587106299212599,71.53097322834645,0.000657234251968504,70.34818267716535,0.0006587106299212599,70.84825511811025,0.0006646653543307088,
76.32447244094489,0.0006984251968503936,75.98781417322836,0.0006999015748031497,74.67546141732284,0.0007003937007874016,75.10495748031497,0.0007068405511811024,
80.46469291338583,0.0007380905511811024,80.15887559055119,0.0007395669291338583,78.98077480314961,0.0007400590551181103,79.66963779527559,0.0007485236220472442,
84.80652283464568,0.0007787893700787402,84.69222047244095,0.000780265748031496,82.88013858267716,0.0007797736220472442,83.67560314960629,0.0007876968503937008,
89.22881259842521,0.0008209153543307087,89.4052094488189,0.0008209153543307087,87.05465511811023,0.0008204232283464567,87.85851338582678,0.0008273622047244094,
93.9600661417323,0.0008625984251968504,93.67992125984252,0.0008621062992125985,91.30370078740158,0.0008621062992125985,92.26302992125984,0.0008680610236220473,
98.75869921259843,0.0009042814960629922,98.31097952755906,0.0009032972440944882,95.75437480314962,0.0009042814960629922,96.68508031496063,0.000910728346456693,
103.24712755905513,0.0009459153543307086,102.75178267716537,0.0009449311023622047,100.02464566929135,0.0009454232283464568,100.97287244094488,0.0009523622047244095,
107.5080157480315,0.0009856299212598427,107.83149291338583,0.0009871062992125985,104.26136062992126,0.0009875984251968505,105.2359811023622,0.0009930610236220472,
111.86514645669291,0.0010252952755905513,111.92728818897639,0.0010277559055118111,108.14936692913386,0.0010277559055118111,109.00974173228347,0.001032726377952756,
116.0939622047244,0.00106496062992126,116.59462362204725,0.001067962598425197,112.01491968503939,0.001065994094488189,113.58182047244095,0.0010744094488188975,
121.07298897637796,0.0011081200787401576,121.00038110236223,0.0011071358267716537,116.02261417322836,0.0011076279527559056,118.09714645669293,0.0011155511811023623,
125.72674015748031,0.0011488188976377953,124.82299842519686,0.0011483267716535432,120.37334173228348,0.0011488188976377953,121.77218267716536,0.001156742125984252,
129.8839937007874,0.0011899606299212598,129.6551748031496,0.0011904527559055118,124.64459212598426,0.0011899606299212598,125.97434330708663,0.0011974409448818899,
134.35984251968503,0.0012321358267716536,133.681631496063,0.0012311515748031497,128.67154015748034,0.0012311515748031497,130.19229291338584,0.0012395669291338583,
139.02470551181102,0.0012728346456692913,138.3104692913386,0.0012718011811023622,132.77572598425198,0.0012728346456692913,134.36952125984251,0.0012812500000000003,
142.79031496062993,0.001312007874015748,142.54274330708662,0.001313976377952756,136.6573196850394,0.0013125,138.64128188976377,0.0013229330708661418,
147.59337952755905,0.0013526574803149607,146.80314330708663,0.0013541830708661419,140.5455779527559,0.0013531988188976378,142.29681574803152,0.0013630905511811025,
151.62304566929134,0.0013953248031496064,150.6032976377953,0.0013938484251968504,144.58733543307088,0.0013938484251968504,146.21025511811024,0.0014027559055118113,
156.40340472440946,0.001436515748031496,154.9276031496063,0.0014350393700787404,148.93607559055118,0.0014360236220472443,150.20338582677167,0.001443946850393701,
160.6297480314961,0.0014776574803149608,159.29734488188979,0.0014771653543307086,153.04149291338584,0.0014776574803149608,153.7752787401575,0.0014856299212598425,
164.9755275590551,0.0015183562992125987,163.93950551181103,0.0015183562992125987,156.97837480314962,0.0015188484251968505,157.98336062992126,0.0015267716535433073,
169.2505070866142,0.001558021653543307,168.33267401574804,0.0015595472440944884,161.08379212598425,0.0015600393700787403,161.80521889763781,0.001567962598425197,
173.21427401574806,0.001597736220472441,172.32506456692914,0.001600196850393701,164.81460787401576,0.0016011811023622048,165.42820787401575,0.0016091043307086615,
177.92084409448822,0.0016383858267716535,176.49292913385827,0.0016398622047244097,168.71076535433073,0.0016403543307086615,169.6180251968504,0.0016498031496062992,
182.22888818897638,0.001682037401574803,180.73999685039368,0.0016795767716535433,172.35272755905513,0.0016810531496062994,172.72989606299214,0.001689468503937008,
186.77947716535436,0.001723720472440945,184.88392755905514,0.0017217027559055119,176.8332472440945,0.001724704724409449,176.40740472440947,0.001729183070866142,
191.40019527559056,0.0017653543307086614,189.44268661417325,0.0017643700787401575,180.74151496062996,0.0017668799212598428,180.42622677165355,0.0017718011811023624,
195.78546141732284,0.0018060531496062993,193.7729133858268,0.0018060531496062993,184.70799370078743,0.0018075295275590552,184.23749291338584,0.001813976377952756,
199.79438425196852,0.0018457185039370079,198.08093858267716,0.0018447342519685042,188.54665196850397,0.001847736220472441,188.14424251968506,0.001855167322834646,
204.49307086614175,0.001885433070866142,202.03855433070865,0.0018864173228346458,192.50178897637795,0.0018878937007874017,191.70823622047243,0.0018958169291338584,
208.41241259842522,0.0019265748031496064,206.5541196850394,0.0019285925196850396,195.83207874015747,0.0019275590551181103,195.0407338582677,0.0019360236220472443,
212.5748377952756,0.001969734251968504,210.77503937007873,0.001969734251968504,199.92293228346458,0.0019682578740157484,198.56795275590554,0.0019761811023622047,
216.87004094488188,0.002011417322834646,214.6033196850394,0.002010433070866142,203.68729133858267,0.002011417322834646,201.97548346456693,0.002016879921259843,
221.41941732283468,0.0020520669291338584,218.82349291338585,0.0020525590551181104,207.76311496062993,0.0020530511811023625,205.35415748031497,0.0020595472440944882,
225.48982047244095,0.0020917814960629924,223.4637007874016,0.0020952263779527563,211.4312409448819,0.00209375,209.06668976377955,0.002101181102362205,
229.63225196850397,0.0021319389763779528,227.6655937007874,0.002135433070866142,215.22743622047247,0.0021339074803149605,212.1188724409449,0.0021398622047244095,
234.23814803149608,0.0021726377952755904,231.28462047244096,0.0021750984251968503,218.4792724409449,0.0021736220472440945,215.3336661417323,0.002181053149606299,
238.41512440944885,0.0022142716535433074,235.31182677165356,0.002215255905511811,221.97934488188977,0.0022137795275590554,219.10913700787404,0.002223720472440945,
242.9080031496063,0.0022559547244094488,239.37800000000004,0.002256446850393701,225.95395590551183,0.002255462598425197,221.96414173228345,0.0022643700787401575,
247.2616661417323,0.0022981299212598426,243.5219118110236,0.0022966043307086612,229.90589921259843,0.0022981299212598426,225.25025511811026,0.002304576771653543,
251.28541102362206,0.0023382874015748034,247.9728251968504,0.002338779527559055,233.63029291338583,0.002339271653543307,228.433694488189,0.00234621062992126,
255.59343622047243,0.002379478346456693,252.37612283464566,0.002380954724409449,237.19107716535436,0.002380462598425197,231.7464692913386,0.0023888779527559056,
259.7696818897638,0.0024196358267716536,256.6695937007874,0.002421604330708662,240.5191338582677,0.0024201279527559056,235.2546929133858,0.0024300688976377953,
263.8057480314961,0.0024598425196850396,260.38582047244097,0.0024618110236220474,243.8368346456693,0.0024603346456692913,238.06823307086614,0.002470718503937008,
267.89266141732287,0.0025014763779527558,264.7747937007874,0.002501968503937008,247.67572283464568,0.002500984251968504,241.27560629921263,0.002510433070866142,
272.1404976377953,0.00254365157480315,268.4695842519685,0.002542175196850394,251.0672220472441,0.0025426673228346455,244.20537007874015,0.002550590551181102,
276.4961606299213,0.002585334645669292,272.97232440944885,0.0025838090551181104,254.78667401574805,0.002585334645669292,247.15635905511814,0.0025912893700787403,
280.46165669291344,0.0026254921259842518,277.0548,0.0026254921259842518,258.2164094488189,0.002626476377952756,250.48987716535433,0.002632923228346457,
284.5532409448819,0.002665157480314961,280.8784062992126,0.002667667322834646,261.5484283464567,0.0026671751968503936,253.54992125984253,0.0026750984251968503,
288.9436976377953,0.0027058562992125987,284.9739527559055,0.0027083169291338585,265.0065543307087,0.0027078248031496065,256.9705228346457,0.0027167814960629925,
293.44864881889765,0.0027470472440944884,288.79632755905516,0.0027475393700787405,268.51304881889763,0.0027480314960629925,259.59872440944883,0.002756446850393701,
297.94817952755903,0.002789173228346457,292.8292062992126,0.002787204724409449,271.6372787401575,0.002788681102362205,262.1523968503937,0.0027956200787401576,
302.0025291338583,0.0028303641732283467,296.7519874015748,0.0028283956692913385,275.004094488189,0.002830856299212599,265.01899212598425,0.0028363188976377953,
306.2029606299213,0.00287253937007874,300.5509133858268,0.002871013779527559,278.27267716535437,0.002873031496062992,268.45614803149607,0.0028784940944881895,
310.46065826771655,0.002913188976377953,305.03562204724415,0.002913188976377953,281.54990866141736,0.002914173228346457,271.04853543307087,0.0029201279527559056,
314.69119055118114,0.0029518700787401577,308.927357480315,0.002953395669291339,284.8937700787402,0.002955364173228347,274.5264062992126,0.0029618110236220474,
318.6115307086614,0.0029920767716535438,313.3323842519685,0.002994045275590551,288.1621196850394,0.002995029527559055,277.36045669291343,0.00300246062992126,
322.63006614173236,0.0030347440944881892,316.8889385826772,0.003035236220472441,291.18540787401577,0.0030347440944881892,280.07351181102365,0.003041683070866142,
327.1466299212599,0.003076377952755906,320.9215842519685,0.0030758858267716537,294.24153070866146,0.0030758858267716537,282.8177102362205,0.00308134842519685,
331.39394645669296,0.0031175688976377955,324.6918834645669,0.0031165846456692914,297.5288724409449,0.0031180610236220476,285.474305511811,0.0031235236220472445,
335.4475653543307,0.00315871062992126,328.89921259842527,0.0031577263779527564,300.89741732283466,0.0031582185039370084,288.7831212598425,0.00316619094488189,
339.57173543307084,0.0031999015748031497,333.1877448818898,0.0031999015748031497,304.01868976377955,0.003199409448818898,291.68870236220476,0.003207332677165355,
343.3842519685039,0.0032390748031496065,337.0453984251969,0.0032420767716535436,307.5720503937008,0.0032415846456692915,294.7144692913386,0.003249015748031496,
347.4309102362205,0.003280265748031496,341.02000944881894,0.003283218503937008,310.4544661417323,0.0032817421259842524,297.0272913385827,0.0032906496062992127,
351.5785700787402,0.003320915354330709,344.8740094488189,0.003322933070866142,313.50191811023626,0.003320915354330709,299.26210078740155,0.003330856299212599,
355.7426866141733,0.0033635826771653545,348.65615118110236,0.0033625984251968504,316.48674015748037,0.0033625984251968504,302.15880000000004,0.003370521653543307,
360.0040755905512,0.003405265748031496,352.33879055118115,0.00340378937007874,319.7947874015748,0.003405265748031496,304.80232440944883,0.003411712598425197,
364.0391622047244,0.0034454232283464567,356.4909102362205,0.003446407480314961,323.2228094488189,0.003445915354330709,307.55786456692914,0.0034533956692913387,
368.19643464566934,0.0034871062992125985,360.34137322834647,0.0034871062992125985,326.221662992126,0.0034871062992125985,310.7457448818898,0.003494537401574803,
372.40053543307084,0.0035262795275590553,363.8212031496063,0.0035287893700787403,329.2447401574803,0.0035272637795275594,313.09779842519686,0.0035372047244094486,
376.30140472440945,0.003566486220472441,367.89058582677166,0.003569931102362205,332.07773228346457,0.003566978346456693,315.66306141732287,0.003578395669291339,
380.4492566929134,0.0036086122047244095,371.69225826771657,0.0036091043307086615,335.1997732283465,0.0036066437007874017,318.0185984251969,0.0036175688976377955,
384.6252913385827,0.0036517716535433074,375.40235275590555,0.0036483267716535435,338.162831496063,0.003649311023622047,321.093442519685,0.0036567421259842523,
388.6568818897638,0.003692470472440945,379.4218677165355,0.003690994094488189,341.33051023622045,0.003692470472440945,323.6846393700788,0.003697933070866142,
392.62633700787404,0.0037331200787401576,383.3698708661417,0.0037341043307086612,344.0507338582677,0.0037341043307086612,326.1948661417323,0.0037400590551181106,
396.5755716535433,0.0037733267716535436,387.16385511811023,0.0037748031496062998,347.3311779527559,0.0037728346456692916,328.94323779527565,0.003781742125984252,
400.75602834645673,0.0038134842519685045,391.0197385826772,0.00381496062992126,350.3359905511811,0.003813976377952756,331.6015622047244,0.003823425196850394,
404.53274960629926,0.003854183070866142,394.98600629921265,0.003855167322834646,353.57640944881894,0.00385615157480315,334.414368503937,0.0038645669291338582,
408.5915212598426,0.0038958169291338583,398.65711181102364,0.0038943405511811025,356.50990551181104,0.003896801181102363,337.07515590551185,0.0039042814960629922,
412.46224566929135,0.003937992125984252,402.1524755905512,0.003934547244094489,358.9500409448819,0.003938484251968504,339.906188976378,0.003943454724409449,
416.50894173228346,0.003979183070866142,406.2813354330709,0.003977165354330709,362.24482519685046,0.003980659448818898,342.29130708661415,0.003985137795275591,
420.4549102362205,0.004019832677165354,410.27174488188973,0.004020324803149606,365.2165354330709,0.00402130905511811,345.1366803149607,0.004028297244094489,
424.37180787401576,0.004059547244094488,413.65215118110234,0.004061023622047245,368.25933543307093,0.0040625,348.0027748031496,0.004069438976377953,
428.0152724409449,0.004099704724409449,417.4458645669291,0.0041016732283464565,370.9844818897638,0.0041026574803149606,350.15025196850394,0.004109645669291339,
431.68979842519684,0.004140895669291339,421.1308125984252,0.004141387795275591,373.5421165354331,0.004141879921259843,353.1809417322835,0.004150787401574803,
435.965757480315,0.004182529527559055,424.8221417322835,0.004182529527559055,376.5893732283465,0.0041835137795275595,355.4577165354331,0.004191486220472441,
439.90584251968505,0.004225196850393701,428.75603779527563,0.004224212598425197,379.3589669291339,0.004225196850393701,357.8169606299213,0.00423115157480315,
443.77560629921265,0.004265895669291339,432.5271055118111,0.004265354330708662,382.372894488189,0.004266879921259842,360.6240787401575,0.004272834645669292,
447.6411401574803,0.004306545275590551,436.1265826771654,0.0043080216535433076,385.3477952755906,0.00430851377952756,363.09382047244094,0.004314960629921261,
451.23473700787406,0.004347244094488189,440.00645984251975,0.0043501968503937005,388.3412283464567,0.004349212598425197,365.6472598425197,0.0043566437007874015,
455.21011338582684,0.0043869094488188974,443.4786393700788,0.004390354330708662,391.2011716535434,0.00438986220472441,368.1617165354331,0.004396801181102362,
459.20375433070865,0.004428051181102363,446.9118330708662,0.004430561023622047,394.06922834645667,0.004430068897637795,370.81385196850397,0.0044375,
462.93503307086615,0.004470718503937008,450.6851307086614,0.004469734251968505,396.77788346456697,0.004470226377952756,373.20535433070864,0.004477657480314961,
466.83685984251974,0.004513385826771654,454.0353952755906,0.00450994094488189,399.4675433070866,0.0045114173228346455,375.6936661417323,0.0045178641732283465,
470.77298267716543,0.004554084645669292,457.8180377952756,0.004552559055118111,402.3358677165354,0.004554576771653543,378.14218582677165,0.004558513779527559,
474.4897637795276,0.004593750000000001,461.79783622047245,0.004595226377952756,404.45420157480316,0.004595226377952756,380.9293102362205,0.004602165354330709,
478.046337007874,0.004633415354330709,465.2524850393701,0.0046359251968503936,407.2331748031496,0.00463494094488189,383.5429606299213,0.004644340551181103,
481.8618110236221,0.004674606299212599,468.8049039370079,0.004676574803149607,409.6005700787402,0.004674606299212599,386.0569165354331,0.004684005905511811,
485.62792125984254,0.0047162893700787405,472.03794015748036,0.004715797244094488,411.88276535433073,0.004715797244094488,388.8403527559055,0.004723720472440946,
489.5233291338583,0.004757431102362205,475.6858236220473,0.004756446850393701,414.22274960629926,0.004756446850393701,390.8898267716536,0.004765354330708661,
493.63834960629924,0.004799606299212599,479.2125606299213,0.004798129921259843,416.97085039370086,0.004799114173228347,393.65549606299214,0.004807037401574804,
497.3368283464567,0.004839763779527559,482.90462047244097,0.004840255905511811,419.84636535433077,0.004840255905511811,396.0401165354331,0.004848720472440946,
501.05799370078745,0.004881446850393701,486.3965606299213,0.004881446850393701,422.3020346456693,0.004881938976377953,398.1952440944882,0.004890354330708662,
504.8946929133858,0.00492111220472441,489.9222992125985,0.004923129921259843,424.58746141732286,0.004922637795275591,401.03050393700795,0.004932529527559055,
508.4986708661417,0.004961811023622048,493.4290015748032,0.004963287401574803,427.01798425196847,0.004962795275590551,403.2594110236221,0.004972244094488189,
512.577662992126,0.00500349409448819,496.79856692913387,0.005001968503937008,429.4228661417323,0.0050029527559055115,405.72692283464573,0.005010925196850394,
515.9173165354331,0.005043159448818898,500.3450267716536,0.005042667322834646,431.8817669291339,0.005044635826771653,408.10243149606305,0.005051574803149607,
519.4263275590552,0.005082824803149606,504.16396220472444,0.005086318897637795,434.4305165354331,0.005085826771653543,410.66006299212603,0.005094242125984252,
523.4063181102363,0.005125000000000001,507.676125984252,0.0051274606299212605,436.6080976377953,0.0051279527559055125,413.2576818897638,0.005136417322834646,
527.2230267716535,0.005166683070866142,511.21166929133864,0.00516865157480315,439.4475496062992,0.0051706200787401575,415.7178110236221,0.0051770669291338585,
530.7300377952756,0.005206348425196851,514.698957480315,0.005210826771653544,441.47237795275595,0.005210826771653544,418.3107401574803,0.005218257874015748,
534.1585417322834,0.005247047244094489,518.0126960629922,0.005251476377952756,444.12597795275593,0.00525,420.4034267716536,0.0052584153543307095,
538.208431496063,0.005289665354330709,521.0488440944882,0.005289665354330709,446.1406929133858,0.005290649606299213,423.201662992126,0.005297637795275591,
541.6956818897638,0.0053313484251968505,524.2394362204725,0.005330364173228346,448.84688818897644,0.005332332677165355,425.43972283464575,0.0053377952755905515,
545.1917763779528,0.00537253937007874,527.6373354330709,0.005372047244094488,451.27741417322835,0.0053750000000000004,428.2608724409449,0.005379970472440945,
548.6874456692914,0.005414173228346457,530.7884409448819,0.005414665354330709,453.52531338582685,0.005415157480314961,430.95472440944883,0.005422145669291339,
552.1936913385827,0.005454872047244095,534.2893007874015,0.005456348425196851,455.8166614173229,0.0054558562992125985,432.8963905511811,0.005463287401574803,
555.679442519685,0.005494045275590552,537.4006897637796,0.005496505905511811,458.3849039370079,0.005496998031496063,435.89424566929137,0.0055044783464566925,
559.4161763779528,0.005534744094488189,540.5619086614173,0.005537204724409449,460.7002015748032,0.005536220472440945,438.1202330708661,0.005545620078740158,
563.0583716535434,0.005577854330708662,543.9642677165355,0.00557736220472441,463.2000881889764,0.005576377952755905,440.54137637795276,0.005584301181102363,
566.5952566929134,0.005620029527559056,547.0838078740157,0.0056180610236220485,465.6439149606299,0.0056185531496063,443.21004409448824,0.005625000000000001,
570.6002015748031,0.005659202755905512,549.9758173228347,0.005660236220472441,468.28494173228347,0.0056612204724409455,445.7348440944882,0.005667667322834646,
574.0899527559055,0.00569990157480315,553.3120472440945,0.005702854330708661,470.6584881889764,0.005702854330708661,448.2549511811024,0.0057103346456692915,
577.5295275590552,0.005741584645669292,556.3138614173229,0.0057435531496063,473.19635905511814,0.005742568897637796,450.59220472440944,0.005751476377952757,
581.2827968503938,0.005782726377952756,559.6922677165355,0.005783218503937008,475.39542992125985,0.005782726377952756,453.00792755905513,0.005792175196850395,
584.7668566929134,0.005823425196850394,562.6424850393701,0.005824409448818898,477.59346456692913,0.00582244094488189,455.26470866141733,0.005832824803149607,
588.423388976378,0.005865551181102362,565.94,0.005864566929133859,480.13775748031503,0.005863090551181103,457.98151496062997,0.005871998031496063,
592.0799244094488,0.005906742125984252,569.1782645669292,0.005905265748031497,482.7706708661418,0.005905265748031497,460.3809354330709,0.005913188976377953,
595.73,0.005947440944881891,572.3774677165354,0.0059468996062992125,485.40331338582683,0.005947440944881891,463.03184251968503,0.005955364173228346,
599.1429700787402,0.005988090551181102,575.7428031496064,0.005989074803149606,487.7203023622048,0.005988090551181102,465.6161196850394,0.005997047244094488,
602.4004598425197,0.006028789370078741,578.9203212598426,0.006030265748031496,490.1700913385827,0.006029281496062992,467.80085039370084,0.006037696850393701,
605.6485291338583,0.006068454724409449,582.1973039370079,0.006069931102362204,492.60949921259845,0.006069931102362204,470.57194330708666,0.006078395669291339,
609.0444692913386,0.006109645669291339,585.4279181102362,0.006109645669291339,495.0409858267717,0.006110629921259842,472.36528188976376,0.006119045275590551,
612.5566330708662,0.006150787401574803,588.6587653543307,0.006151279527559055,497.6993102362205,0.0061517716535433075,475.16228661417324,0.006160236220472441,
616.1480377952756,0.006193454724409449,591.9046425196851,0.006192470472440945,500.50050708661416,0.006193946850393701,477.3655496062992,0.006199901574803149,
619.6488976377954,0.006235629921259843,595.0675905511812,0.006234104330708662,502.6245700787402,0.006236122047244095,479.67465826771655,0.006241584645669291,
623.1358803149607,0.006276279527559055,598.4751023622048,0.006276279527559055,505.4254960629922,0.006277755905511812,482.4316787401575,0.006284202755905513,
626.4937952755906,0.006315994094488189,601.2602645669292,0.006317470472440944,507.48908031496063,0.006318454724409449,484.6544346456693,0.006324409448818898,
629.8403275590551,0.0063556594488188975,604.4782708661418,0.0063576279527559065,509.84628661417327,0.0063576279527559065,487.3665102362205,0.006365551181102362,
633.2937826771654,0.006396801181102363,607.3633952755906,0.006396801181102363,512.1622771653543,0.006396801181102363,489.70353385826775,0.0064062500000000005,
636.8414740157481,0.006439468503937008,610.2171496062992,0.0064370078740157485,514.4477417322835,0.0064375000000000005,492.11948661417324,0.006446407480314961,
640.5587559055118,0.00648115157480315,613.6582267716536,0.006479675196850394,517.2427874015748,0.00648115157480315,494.39476220472443,0.006487106299212599,
643.9482330708662,0.006522342519685039,616.8809196850394,0.0065233267716535434,519.4697354330708,0.0065238188976377955,496.7557354330709,0.006528789370078741,
647.2242551181102,0.0065610236220472445,620.0690519685039,0.006563976377952757,521.9893039370079,0.006563976377952757,499.4384755905512,0.006570915354330709,
650.243294488189,0.006601673228346458,623.116040944882,0.0066046751968503944,524.2999496062993,0.0066036909448818895,501.62347716535436,0.006612106299212599,
653.3135464566928,0.0066423720472440955,626.0418834645669,0.006644832677165355,527.0894992125985,0.006644340551181103,503.9039433070866,0.006652755905511811,
656.9443590551181,0.0066850393700787405,629.3227874015748,0.006684547244094489,529.2103307086614,0.0066850393700787405,506.68241574803153,0.006692962598425197,
660.2053102362205,0.006726181102362205,631.9475496062993,0.006725688976377953,531.7314362204725,0.006725688976377953,508.7921763779528,0.00673361220472441,
663.7498456692914,0.006767864173228347,635.1354897637796,0.006766879921259843,534.1197480314961,0.006767864173228347,511.6135968503938,0.006775295275590552,
666.8876094488189,0.00680851377952756,638.4472283464568,0.00680851377952756,536.5468125984252,0.00681003937007874,514.0325102362206,0.006816978346456694,
670.3095023622047,0.006848228346456693,641.3750299212599,0.006850196850393702,538.9958708661418,0.006850688976377954,516.4620377952756,0.006858120078740158,
673.5573795275591,0.006887401574803151,644.7758897637796,0.006892372047244095,541.4673826771653,0.0068908956692913395,518.9557700787401,0.006898818897637796,
676.87822992126,0.006930068897637796,647.817190551181,0.006931545275590552,543.6696440944883,0.006929576771653544,521.8065637795276,0.006939468503937007,
680.4579842519685,0.006972736220472442,650.6117732283465,0.00697224409448819,545.9308472440945,0.006970718503937008,523.7605732283465,0.006979183070866142,
684.058040944882,0.007013385826771653,653.7312377952757,0.007012893700787402,548.502283464567,0.007013385826771653,526.434894488189,0.0070213090551181105,
687.3372125984253,0.007055561023622047,656.9258267716536,0.007054084645669292,551.1371559055119,0.007054084645669292,528.7109763779528,0.007063484251968504,
690.5303433070867,0.00709724409448819,660.0377543307087,0.007095226377952756,553.6706047244095,0.007095718503937008,531.4829921259843,0.00710369094488189,
693.4795622047245,0.007136909448818898,663.0837070866143,0.00713740157480315,555.8699086614174,0.007138877952755906,533.9012125984252,0.0071453248031496065,
696.6949133858268,0.007175098425196851,666.13142992126,0.007179084645669292,558.2118519685039,0.00717859251968504,536.3477700787402,0.007186515748031496,
699.9669354330708,0.007216289370078741,669.2538897637796,0.007218257874015748,560.7065070866142,0.007216781496062993,538.8313921259843,0.0072271653543307095,
703.215042519685,0.007259399606299213,672.378661417323,0.007257923228346457,563.160525984252,0.007257431102362205,540.8068566929135,0.00726638779527559,
706.3558078740158,0.0073005905511811025,675.2464472440946,0.007298622047244094,565.5281133858268,0.0073005905511811025,542.9375307086615,0.0073060531496063,
709.4242897637796,0.007341781496062992,678.4768692913386,0.00734128937007874,568.2022015748032,0.007342765748031497,546.0200850393701,0.007347736220472441,
712.7542897637795,0.007383415354330709,681.5941039370078,0.007382923228346458,570.7953606299213,0.007383907480314961,548.275366929134,0.00738986220472441,
715.8093921259843,0.007422637795275591,684.5860755905512,0.0074246062992125985,573.3917480314961,0.007424114173228347,550.9272724409449,0.007431545275590552,
718.929703937008,0.0074623031496062996,687.8519464566929,0.007465797244094488,576.0286204724409,0.007465255905511811,553.6475370078741,0.007472736220472441,
721.8567748031496,0.007503986220472441,690.7753291338583,0.0075054625984251975,578.3372283464568,0.0075049704724409454,555.9310015748032,0.007512893700787403,
725.3279559055119,0.0075476377952755904,693.5279275590551,0.007545127952755906,580.498009448819,0.007545620078740157,558.3745606299213,0.007552066929133859,
728.4568787401575,0.007588779527559056,696.7143685039371,0.007586811023622047,583.0082362204724,0.007588779527559056,560.9416125984252,0.007593257874015749,
731.5229007874017,0.00762849409448819,699.7600881889764,0.0076299704724409455,585.5547937007874,0.00763095472440945,563.5826393700788,0.007636417322834646,
734.5740031496064,0.007668651574803151,702.757442519685,0.007670620078740158,587.7269165354331,0.007670620078740158,565.9346551181102,0.0076785925196850395,
737.6074992125984,0.0077098425196850395,705.6781354330709,0.007710826771653544,590.0653984251969,0.007711318897637796,568.5108188976378,0.007719242125984253,
740.6712125984253,0.007749015748031497,708.8361228346457,0.007751968503937008,592.8456409448819,0.007751968503937008,570.9395748031496,0.0077599409448818905,
743.4753322834647,0.007790649606299212,711.5465070866142,0.007792667322834646,594.9274488188977,0.007792175196850394,573.5981322834646,0.007800590551181103,
746.6739212598426,0.007832824803149608,714.6058393700788,0.007833316929133858,597.3584377952756,0.007832824803149608,575.7987055118111,0.007840255905511812,
749.7033417322834,0.007874015748031498,717.3342141732284,0.007874507874015748,599.7472850393701,0.007875,578.6331968503937,0.007881446850393702,
752.6642456692913,0.007915649606299213,720.6563716535433,0.007916683070866142,602.0475118110236,0.007917175196850394,581.3134771653544,0.007924114173228346,
755.8130834645671,0.007955856299212598,723.8605732283465,0.007957824803149606,604.5977637795276,0.007958316929133858,583.5727181102362,0.007965255905511812,
758.9583086614174,0.007996013779527559,726.5485039370078,0.007999015748031496,606.8323622047244,0.007998031496062992,586.5254362204726,0.008005462598425198,
761.9991842519685,0.008036712598425196,729.4305952755906,0.008038681102362204,608.9398141732283,0.0080376968503937,588.758535433071,0.00804714566929134,
765.1460220472442,0.008079379921259842,732.1893448818897,0.00807888779527559,611.3392755905512,0.008078395669291338,591.1140503937008,0.008087795275590552,
768.2732535433072,0.008121505905511812,734.7795433070866,0.008119045275590552,613.8994078740158,0.008119045275590552,593.6410771653543,0.008127952755905513,
771.4717637795276,0.008163188976377952,737.7058456692914,0.008160728346456694,616.3291622047244,0.008160728346456694,596.0092031496064,0.00816865157480315,
774.8013039370079,0.008204872047244094,740.8469165354331,0.008202854330708663,618.9714173228347,0.008204379921259842,598.7508850393701,0.008210826771653544,
777.4035748031497,0.00824404527559055,743.8272787401575,0.008245029527559055,621.3054425196851,0.008246013779527559,600.9598393700787,0.00825246062992126,
780.3297259842519,0.008282726377952757,746.5042897637795,0.008286220472440944,623.4667590551181,0.008286220472440944,603.6743748031497,0.008293159448818898,
783.3122393700788,0.008324409448818898,749.5270992125985,0.008325885826771654,625.846188976378,0.008324409448818898,606.0308881889764,0.008333316929133859,
786.1480377952756,0.008366584645669292,752.015411023622,0.00836505905511811,628.1849007874016,0.00836505905511811,608.2531464566929,0.008374015748031496,
789.2223653543308,0.008409202755905513,754.8789669291339,0.008404773622047244,631.0231622047245,0.008409202755905513,611.3911779527559,0.008415157480314961,
792.0973039370078,0.00844990157480315,757.9582929133859,0.00844744094488189,633.4070110236221,0.008451377952755905,613.4525322834646,0.008455364173228347,
794.9624755905513,0.008489566929133859,760.8286173228347,0.008489566929133859,635.438031496063,0.008491584645669292,616.0679118110236,0.00849753937007874,
797.8808598425197,0.008529281496062992,763.5480755905512,0.008532234251968505,637.9098110236221,0.00853125,618.6326582677166,0.008540157480314961,
800.4809007874017,0.008569931102362205,766.4132472440945,0.00857244094488189,640.5707496062993,0.008571407480314961,621.2176661417324,0.00858134842519685,
803.3457637795276,0.008611614173228347,769.193222047244,0.008612106299212599,642.9085417322835,0.008612106299212599,623.5107433070866,0.008621013779527559,
806.141348031496,0.008653248031496063,771.9648125984253,0.008652755905511811,645.5019685039371,0.00865378937007874,626.0106267716536,0.008660728346456693,
809.0664220472441,0.008694931102362205,774.9969228346457,0.008693946850393701,647.7555212598426,0.008695915354330709,628.809631496063,0.00870236220472441,
811.9181385826772,0.008736614173228347,777.6813952755906,0.008736614173228347,650.2206110236222,0.008737598425196851,631.3835653543307,0.008744537401574805,
814.8563622047245,0.008776771653543307,780.602777952756,0.008778248031496063,652.7145354330709,0.008779281496062993,633.9231275590552,0.008785236220472442,
817.5040755905512,0.008815994094488189,783.6653385826772,0.008819438976377953,655.035757480315,0.008819438976377953,636.2219338582678,0.008826870078740157,
820.0663590551181,0.008856643700787403,786.2876000000001,0.008861122047244095,657.4820850393701,0.00885861220472441,639.2567748031496,0.008868061023622047,
823.1147716535434,0.008899311023622049,789.109788976378,0.008900295275590551,659.9188,0.008900295275590551,641.4235527559056,0.008907234251968503,
825.52311496063,0.008940994094488189,791.4102488188977,0.00893946850393701,662.1761196850395,0.008940994094488189,644.1711527559056,0.008946899606299213,
828.2973984251969,0.008982135826771653,794.364157480315,0.00898115157480315,664.557546456693,0.008981643700787401,646.9651968503938,0.008989074803149607,
831.2742992125985,0.009024311023622047,797.0987622047245,0.009023326771653543,667.213874015748,0.009023326771653543,649.3357826771654,0.009030757874015749,
833.7694551181103,0.009064960629921261,799.9545543307087,0.009064960629921261,669.5264062992127,0.009065452755905513,652.2529385826772,0.009071899606299214,
836.386103937008,0.009103690944881889,802.3732,0.009106643700787403,671.7387433070866,0.009106643700787403,655.0099181102362,0.009113582677165355,
838.7776062992126,0.0091433562992126,805.0648220472441,0.009148326771653543,674.0733417322834,0.009145324803149607,657.5009228346457,0.009155265748031497,
841.5746488188977,0.009185531496062993,807.8215748031497,0.009186515748031497,676.4120157480315,0.009185531496062993,660.3557133858268,0.009194931102362205,
844.5273291338583,0.009228149606299212,810.2743590551182,0.009225688976377953,678.9144,0.009226673228346458,662.7874330708662,0.009234104330708662,
847.2935370078741,0.009268848425196851,813.29662992126,0.009267372047244095,681.6060220472441,0.009269832677165354,665.5489511811024,0.009275295275590551,
849.6927275590551,0.009310039370078741,815.9021291338582,0.009310531496062991,683.8654960629922,0.009311023622047243,667.8580220472442,0.009317962598425197,
852.48231496063,0.009350688976377954,818.5952094488189,0.009351181102362206,686.442620472441,0.009351673228346458,670.657757480315,0.009360137795275591,
855.3651716535434,0.009390354330708662,821.2984440944882,0.009392864173228347,688.7250866141733,0.009392372047244095,673.3681417322836,0.009401279527559056,
857.9070047244096,0.0094310531496063,824.0009826771654,0.009434005905511812,691.0142393700787,0.009431545275590552,675.9415748031497,0.009442470472440945,
860.5102740157481,0.009473720472440945,826.8477795275592,0.00947224409448819,693.4435748031495,0.009471702755905512,678.3343086614173,0.009481643700787403,
863.4757921259843,0.009516879921259843,829.2038330708662,0.00951240157480315,696.1023622047245,0.00951486220472441,681.3804913385827,0.00952081692913386,
865.9514960629922,0.009557037401574804,831.861388976378,0.009555561023622048,698.4901732283464,0.009557529527559056,683.7367748031496,0.009562992125984252,
868.5111653543307,0.00959621062992126,834.8688944881891,0.009599212598425198,700.76871496063,0.009598720472440946,686.3138992125984,0.00960615157480315,
871.0378488188976,0.009636909448818898,837.6560188976379,0.00963986220472441,703.18928503937,0.009638385826771654,689.08702992126,0.00964734251968504,
873.494324409449,0.00967755905511811,840.2895842519686,0.009679084645669292,705.4977385826772,0.009679576771653544,691.6550047244095,0.009687992125984252,
875.9700251968504,0.00971875,842.9686740157481,0.009720226377952756,707.8692472440945,0.009720226377952756,694.2743433070866,0.009728149606299214,
878.563451968504,0.009760433070866142,845.7799433070867,0.009760925196850394,710.160094488189,0.009761417322834646,696.9116787401575,0.0097683562992126,
881.4014047244094,0.009802559055118112,848.154525984252,0.009801574803149606,712.7241480314962,0.009804084645669292,699.2412031496063,0.009808021653543308,
883.9824535433072,0.00984375,850.7884,0.009842765748031496,715.4585228346457,0.009845718503937008,701.9693511811023,0.009850688976377954,
886.5316661417324,0.00988390748031496,853.4740251968504,0.009884940944881892,717.7456031496064,0.009885925196850394,704.6156031496064,0.009892372047244096,
889.0952566929135,0.009924114173228346,855.9021291338582,0.009926082677165356,719.8033039370079,0.009926574803149606,707.6277228346456,0.009933021653543308,
891.7404346456694,0.00996476377952756,858.8202803149607,0.009967273622047244,722.3095307086614,0.00996628937007874,709.9711653543308,0.009974212598425196,
894.2065228346456,0.010005462598425198,861.3013669291339,0.010006938976377952,724.6687370078741,0.010006446850393702,712.7382960629922,0.010015895669291338,
897.1491307086616,0.010047096456692915,864.0535023622048,0.01004763779527559,727.1380566929134,0.010047096456692915,715.6044692913387,0.0100560531496063,
899.8906551181103,0.010089271653543307,866.6629259842521,0.010088779527559056,729.4162929133859,0.010089271653543307,717.6268000000001,0.010096702755905513,
902.7419118110237,0.010131446850393702,869.2190582677165,0.010129970472440944,731.9926488188977,0.010130954724409448,720.4975086614173,0.010137893700787402,
905.2733606299214,0.010172096456692915,871.8341700787403,0.010172096456692915,734.3662330708662,0.01017263779527559,722.8471779527559,0.010180561023622048,
907.4072661417324,0.010211318897637794,874.6648157480315,0.010213779527559055,736.501061417323,0.010213287401574804,725.701357480315,0.010221702755905511,
909.7556283464567,0.010250984251968506,877.4084944881889,0.010253986220472442,738.96,0.010252952755905513,728.0561795275592,0.010262401574803149,
912.6527905511812,0.010292175196850394,879.7434803149607,0.01029365157480315,740.989020472441,0.010292667322834646,731.0101669291339,0.010303051181102365,
915.321725984252,0.010335826771653542,882.1688157480316,0.010333316929133859,743.4647212598426,0.010333316929133859,733.3490708661418,0.010342273622047244,
917.8870110236221,0.010377952755905513,884.7481700787403,0.010375492125984253,746.1657228346456,0.010375984251968505,736.0686047244095,0.010382923228346457,
920.5178866141733,0.010418159448818897,887.5636692913387,0.010418159448818897,748.4040503937008,0.010417175196850393,738.3090866141733,0.010424606299212599,
923.1011622047246,0.010457824803149609,890.0852755905513,0.010459301181102363,750.8562236220473,0.010459301181102363,740.994324409449,0.010467273622047244,
925.519883464567,0.010497539370078742,892.6976188976379,0.0105,753.3163905511811,0.01049950787401575,743.7498456692914,0.010509399606299213,
927.8640188976378,0.010538188976377955,895.3584818897638,0.010539665354330709,755.7378047244094,0.010539665354330709,745.9543401574804,0.010549606299212599,
930.2599811023623,0.010579872047244096,897.7754362204726,0.010580364173228347,758.026188976378,0.01058134842519685,748.9223968503937,0.010588287401574803,
933.071325984252,0.010621998031496063,900.6526047244096,0.010620521653543309,760.5591023622047,0.01062253937007874,751.2443086614173,0.01062898622047244,
935.6639842519686,0.010663188976377953,903.1046236220473,0.010662696850393701,763.1522960629921,0.01066466535433071,753.6918677165355,0.010670620078740159,
938.0481826771654,0.010704872047244095,905.9250425196851,0.010704872047244095,765.2400661417323,0.010705856299212599,756.6194015748032,0.010713287401574805,
940.7740976377953,0.010745521653543307,908.4325795275591,0.010745029527559057,767.4647811023622,0.01074753937007874,758.7147811023622,0.010754970472440947,
943.0587937007875,0.01078523622047244,910.9136629921261,0.010786220472440945,770.0910425196851,0.010788188976377953,761.4520787401575,0.010794635826771655,
945.2760503937009,0.010825885826771653,913.6452692913386,0.010827362204724411,772.5425228346458,0.010827362204724411,763.9349322834646,0.010834842519685039,
948.0441826771655,0.010867568897637795,916.2744535433071,0.010867076771653545,774.7697007874016,0.010868061023622049,766.4237039370079,0.010874507874015749,
950.6516818897638,0.010908218503937007,919.0411244094489,0.010908218503937007,777.2372503937008,0.010909202755905513,768.8034425196851,0.010915157480314961,
953.3245417322836,0.010950393700787401,921.6614645669291,0.010950393700787401,779.5127937007875,0.010950393700787401,771.2889858267716,0.010957824803149607,
955.9043590551182,0.010993061023622047,924.1360881889764,0.010991584645669293,782.2011874015748,0.01099109251968504,773.7782204724409,0.010999507874015749,
958.0192692913386,0.01103371062992126,926.8509322834647,0.01103321850393701,784.9068818897638,0.011032726377952756,776.8560850393701,0.011040649606299212,
960.2225322834647,0.01107244094488189,929.3421669291339,0.011075885826771655,787.0661606299212,0.011074901574803151,779.236283464567,0.011082332677165355,
962.6957732283465,0.011112598425196851,931.9047590551182,0.011116092519685039,789.4454362204724,0.011114074803149606,781.3950992125984,0.011123031496062993,
965.2666708661418,0.011155265748031497,933.9872976377953,0.011154773622047243,791.7937984251969,0.01115378937007874,784.452894488189,0.011163188976377953,
968.0827086614174,0.011196899606299214,936.6668472440946,0.011195423228346458,794.240588976378,0.01119591535433071,786.492062992126,0.011202854330708662,
970.3140377952756,0.0112371062992126,939.1119433070867,0.011238090551181103,796.941051968504,0.011238090551181103,789.2182110236221,0.011245029527559056,
972.9484503937009,0.011279281496062993,941.6308598425197,0.011280265748031496,798.9641511811024,0.011279281496062993,792.0016440944883,0.01128720472440945,
975.4433732283464,0.011318946850393702,944.0325102362204,0.011320915354330708,801.520283464567,0.011320915354330708,794.403757480315,0.01132839566929134,
977.4997700787402,0.011358120078740158,946.8092535433071,0.011360629921259843,803.7808346456694,0.011361122047244095,796.8503937007874,0.011370029527559056,
980.0929669291339,0.011399311023622048,949.5351716535434,0.011401771653543308,805.845609448819,0.011400295275590552,799.5977637795277,0.011410236220472443,
982.6771653543308,0.011442470472440945,951.9185228346456,0.011442470472440945,808.1843622047244,0.011440452755905512,802.1477448818898,0.011448917322834647,
985.545568503937,0.011485137795275591,954.5875370078741,0.011483120078740158,810.8765228346457,0.011484104330708662,804.3534708661418,0.011490551181102364,
987.8696314960631,0.0115248031496063,957.2018803149606,0.011525787401574804,813.085937007874,0.011525787401574804,807.0167181102363,0.011533218503937008,
990.3285700787402,0.01156496062992126,959.9855433070867,0.011567470472440946,815.4270740157481,0.011566486220472441,809.5034897637796,0.011575885826771654,
992.3321385826772,0.0116056594488189,962.2946141732284,0.011607135826771654,818.0165795275591,0.011606643700787402,811.8678488188978,0.011616092519685041,
994.8063023622047,0.01164630905511811,964.9524787401575,0.011646801181102362,820.1576346456693,0.011647834645669292,814.5844598425198,0.01165625,
997.1115275590552,0.0116875,967.3755842519686,0.0116875,822.7157669291338,0.011688484251968506,817.0722362204725,0.011696899606299212,
999.8158362204725,0.011729183070866143,970.1728598425198,0.011728149606299214,824.8178362204725,0.011730167322834648,819.839137007874,0.011736614173228346,
1001.9242897637796,0.01177081692913386,972.4738551181104,0.011769340551181102,827.5076881889764,0.011771801181102364,822.0561637795275,0.011776771653543308,
1004.6501291338584,0.011812992125984252,974.937177952756,0.011811515748031498,829.9828535433072,0.011813484251968504,824.7752377952756,0.0118189468503937,
1006.9540472440946,0.01185265748031496,977.5996566929134,0.01185265748031496,831.9346708661418,0.01185369094488189,827.1497448818899,0.011860137795275592,
1009.0231307086615,0.011891879921259844,979.9564,0.011893356299212598,834.3487023622048,0.011894832677165354,829.9163401574804,0.011900295275590552,
1011.4466960629923,0.011933021653543307,982.5465984251969,0.011934498031496063,836.9452818897638,0.01193503937007874,832.1795811023622,0.011941486220472442,
1013.9083275590551,0.011973720472440944,984.9321795275591,0.01197470472440945,839.4631968503937,0.011975196850393702,835.0002299212599,0.011983120078740157,
1016.508674015748,0.012016387795275592,987.3666645669292,0.012016387795275592,842.0699275590551,0.012016387795275592,837.5136881889764,0.012023326771653544,
1018.8528094488189,0.012059005905511812,990.093811023622,0.012057529527559055,844.4448976377953,0.012058021653543308,839.4978015748031,0.012063484251968504,
1021.3124377952757,0.01209970472440945,992.5099968503937,0.012099212598425196,846.7816503937008,0.01209970472440945,842.8401826771654,0.012106151574803152,
1023.4809448818899,0.012139370078740159,995.2429102362205,0.012141387795275592,849.3965291338583,0.012141387795275592,845.2469858267717,0.012148326771653544,
1025.6885921259843,0.01217859251968504,997.6238015748032,0.012182529527559056,851.3222047244094,0.012182037401574804,847.6854708661418,0.012188976377952757,
1028.1045448818898,0.01221875,999.9294866141732,0.012221702755905513,853.9656881889765,0.01222121062992126,850.4328409448818,0.012230167322834646,
1030.2796661417324,0.012261417322834646,1002.3772755905512,0.012260925196850396,855.9147401574804,0.012260925196850396,852.833492913386,0.012270816929133859,
1033.212737007874,0.012304084645669292,1004.8758929133859,0.012301574803149607,858.5486141732284,0.012303051181102363,855.236220472441,0.012311023622047244,
1035.5724031496063,0.01234621062992126,1007.6960818897637,0.012344734251968505,861.0373858267718,0.012345718503937007,857.5462897637796,0.012351673228346459,
1037.8662488188977,0.012386417322834645,1010.4254582677165,0.012387401574803149,863.3582992125985,0.012386909448818898,860.4883590551182,0.01239384842519685,
1040.074894488189,0.012425590551181103,1012.8163433070866,0.01242908464566929,865.4984314960631,0.012427559055118111,862.9809007874017,0.012436023622047246,
1042.4908503937008,0.01246628937007874,1015.0308346456694,0.012468750000000002,867.9845133858267,0.012467765748031498,865.2401417322835,0.012476181102362205,
1044.9285637795276,0.012507431102362207,1017.7313763779529,0.012508907480314961,870.3527937007875,0.012507431102362207,868.0193480314961,0.012516387795275592,
1047.163124409449,0.012549114173228348,1020.0377543307087,0.012549114173228348,872.3270645669292,0.012548622047244095,870.012840944882,0.012556545275590551,
1049.5334803149606,0.012590748031496063,1022.4201826771654,0.012590255905511811,874.8135307086615,0.012590255905511811,872.8100409448818,0.012598228346456693,
1051.905218897638,0.012632923228346457,1024.9008062992125,0.012631938976377953,877.5106110236221,0.012632431102362205,875.2317606299213,0.012639862204724411,
1054.3516251968504,0.0126746062992126,1027.2011118110238,0.012673622047244095,879.8891181102363,0.012673129921259843,878.0501826771654,0.012682037401574803,
1056.532588976378,0.012713779527559055,1029.9090330708661,0.012714271653543309,882.5007685039371,0.01271476377952756,880.0985007874016,0.012723228346456695,
1058.6819496062992,0.012752952755905513,1032.1422866141731,0.01275595472440945,884.3565448818898,0.01275595472440945,882.6481763779528,0.012764370078740157,
1060.8413826771655,0.012794635826771655,1034.6649700787402,0.01279611220472441,886.9349007874016,0.012795620078740159,885.3647874015749,0.01280359251968504,
1063.197820472441,0.012836318897637797,1036.718135433071,0.012835334645669293,889.3138677165356,0.012836811023622047,887.6291842519685,0.012843257874015749,
1065.6357637795275,0.01287746062992126,1039.3087937007874,0.01287696850393701,891.9116787401575,0.012877952755905513,890.0622078740158,0.012883907480314961,
1067.8289543307087,0.012920127952755907,1042.0637007874018,0.012918159448818897,894.3594677165354,0.012919635826771653,892.9001606299213,0.012926082677165355,
1070.1355653543308,0.012961318897637795,1044.4595842519686,0.01295831692913386,896.7268251968504,0.0129623031496063,895.6066236220473,0.012969242125984251,
1072.3274488188977,0.013000492125984253,1047.0384000000001,0.013000000000000001,898.9994456692914,0.013003986220472441,897.8404125984252,0.013010925196850393,
1074.538324409449,0.013040157480314962,1049.4834992125984,0.013042667322834645,901.2086299212599,0.01304365157480315,900.3279559055119,0.01305206692913386,
1076.8020283464566,0.013081348425196851,1051.8967622047244,0.013083316929133858,903.5706047244096,0.013082332677165354,903.0363401574803,0.013092273622047245,
1079.4042960629922,0.013124015748031495,1054.2148283464567,0.013121998031496062,905.904588976378,0.013124015748031495,905.0688220472442,0.013130954724409451,
1081.5002141732284,0.013165157480314962,1056.308440944882,0.013163681102362204,908.071788976378,0.013167175196850395,908.0232692913387,0.013171604330708664,
1083.9636125984252,0.013206348425196851,1059.1407779527558,0.013206840551181103,910.404620472441,0.013207824803149608,910.8296944881891,0.013213779527559056,
1085.9987086614174,0.013246998031496064,1061.411325984252,0.013248031496062993,912.7082299212599,0.013248523622047245,913.0042740157481,0.01325595472440945,
1087.990125984252,0.013285728346456695,1063.8984062992126,0.013289173228346456,914.9266425196851,0.013288681102362206,915.7136598425197,0.013296604330708662,
1090.5967811023622,0.013326377952755908,1066.0945196850394,0.013330856299212598,917.5839685039371,0.013329379921259843,917.799735433071,0.013337795275590553,
1092.8326456692914,0.013369045275590552,1068.4843275590551,0.013370521653543306,919.9132629921261,0.013369537401574804,920.6305354330709,0.013377952755905512,
1095.1582488188978,0.013411712598425198,1070.9216598425198,0.013410236220472441,922.1399023622048,0.013410236220472441,922.9905102362205,0.013416683070866142,
1097.1004566929134,0.01345236220472441,1073.1596031496063,0.013451377952755906,924.5759244094489,0.013453346456692914,925.6146960629923,0.013457824803149608,
1099.493187401575,0.013493061023622048,1075.7158897637796,0.013495029527559056,926.7902614173229,0.013494537401574804,928.4055118110236,0.013501476377952758,
1101.5582708661418,0.01353474409448819,1078.032727559055,0.013535236220472443,929.2022960629922,0.01353371062992126,930.9458803149606,0.013543159448818898,
1103.895946456693,0.013574901574803152,1080.482283464567,0.013574901574803152,931.5069826771654,0.013573917322834647,933.1542960629921,0.01358380905511811,
1105.9704094488188,0.01361505905511811,1082.9051590551182,0.013616584645669292,933.7247779527559,0.013615551181102362,935.8296157480316,0.013624015748031498,
1108.2128125984252,0.013657234251968504,1085.1577102362205,0.013656742125984252,936.0376157480315,0.013655757874015748,937.9852818897639,0.01366466535433071,
1110.2270708661417,0.0136994094488189,1087.544598425197,0.013697933070866142,938.2899401574804,0.013696899606299212,940.3763212598426,0.013704872047244096,
1112.5443685039372,0.013740551181102362,1090.1547905511811,0.013738582677165354,940.6363023622047,0.013739074803149608,943.294705511811,0.01374650590551181,
1114.6146047244094,0.013781742125984254,1092.692390551181,0.01378075787401575,943.4510330708662,0.01378125,946.1144346456693,0.013788188976377952,
1116.6949133858268,0.013820915354330708,1095.0930425196852,0.013822933070866142,945.1995401574803,0.013822440944881892,948.4175842519685,0.013829872047244094,
1118.6281984251968,0.013861122047244096,1097.3423653543307,0.013863582677165354,947.7845102362205,0.01386259842519685,950.9690267716536,0.013871505905511812,
1121.1215086614175,0.013901279527559054,1099.7194110236221,0.013903297244094488,949.9996913385828,0.013902263779527559,953.5558393700787,0.0139126968503937,
1123.3111622047245,0.013942962598425196,1101.9518173228348,0.013942962598425196,952.6026551181103,0.01394345472440945,955.9599527559055,0.013952854330708662,
1125.4761322834647,0.013985629921259844,1104.3876881889764,0.013984104330708663,954.7642393700788,0.013984104330708663,958.3048566929135,0.013992076771653544,
1127.9616755905513,0.01402726377952756,1106.6330110236222,0.0140248031496063,957.3210645669292,0.014026771653543307,961.2158582677166,0.014032726377952756,
1129.7512472440947,0.014068454724409448,1109.013209448819,0.014067470472440944,959.4281354330709,0.014068946850393702,963.7085543307087,0.014075393700787404,
1131.5579622047246,0.014108120078740157,1111.482220472441,0.01411013779527559,961.6269385826773,0.014109104330708661,966.1484976377953,0.014117568897637796,
1133.5285417322837,0.014147834645669292,1113.8161291338583,0.014150295275590552,963.8590362204726,0.014149311023622048,968.9456976377953,0.014158218503937009,
1135.3224188976378,0.014187992125984253,1116.0184692913385,0.014190452755905513,966.1158173228347,0.014188976377952757,971.315051968504,0.014198425196850396,
1137.3997291338583,0.014229675196850394,1118.23334488189,0.014229183070866144,968.5009385826772,0.014230167322834648,974.0878740157481,0.014238090551181104,
1139.514103937008,0.014271801181102363,1120.643839370079,0.014270324803149607,971.1172787401575,0.014273326771653544,976.4791464566929,0.014277755905511813,
1141.6041007874016,0.014312992125984253,1122.8703244094488,0.014314468503937009,973.3306173228347,0.014315994094488188,979.2125228346458,0.014319438976377954,
1143.7316220472442,0.014352657480314961,1125.4693637795276,0.01435615157480315,975.4243055118111,0.014357135826771655,981.8856125984253,0.014362106299212599,
1145.9308881889765,0.014393356299212599,1127.310148031496,0.014396801181102363,977.533757480315,0.014396801181102363,984.541631496063,0.014404281496062994,
1147.8497952755906,0.014434498031496063,1129.9736251968504,0.014436515748031497,980.0667433070867,0.014435531496062992,986.8666173228346,0.014444931102362207,
1150.1031937007874,0.014476673228346459,1131.9182141732283,0.014476181102362205,982.4002677165354,0.014477165354330709,989.7358677165355,0.01448513779527559,
1152.1122960629923,0.014519340551181105,1134.2043716535434,0.014517864173228347,984.8108377952757,0.0145183562992126,991.7151370078741,0.014525787401574803,
1154.2468944881891,0.014560039370078742,1136.4096346456693,0.01455851377952756,987.1393637795277,0.014560531496062993,994.578925984252,0.01456648622047244,
1156.2322362204725,0.014600688976377953,1138.8401196850393,0.014601181102362205,989.2359748031497,0.014601673228346457,997.4501732283466,0.01460861220472441,
1158.1132346456693,0.014641387795275592,1141.0754488188977,0.014642372047244095,991.4450047244094,0.014642864173228347,999.3941480314961,0.014650787401574805,
1159.995924409449,0.0146810531496063,1143.2296535433072,0.014683021653543307,993.7473858267717,0.014684005905511811,1002.0197921259843,0.014690944881889764,
1162.2183338582677,0.014722194881889765,1145.7116598425198,0.014724212598425199,996.0864440944882,0.014723228346456695,1004.6206771653544,0.014731643700787401,
1164.2976440944883,0.014764862204724411,1147.6879307086615,0.014763877952755907,997.8065007874017,0.014762893700787403,1007.0457070866142,0.014772293307086614,
1166.4460818897637,0.0148060531496063,1150.070818897638,0.014804084645669291,1000.3379527559056,0.014805068897637795,1009.4372850393702,0.014812500000000001,
1168.5502267716536,0.014847194881889765,1152.1541291338583,0.014845718503937008,1002.6304913385827,0.014845718503937008,1012.0928440944883,0.014853149606299213,
1170.4036976377954,0.014888877952755907,1154.7003401574805,0.014886909448818899,1005.0625921259843,0.014886417322834645,1014.7622425196851,0.014895324803149607,
1172.3443653543309,0.014930068897637797,1157.0766960629921,0.014929084645669291,1007.0782330708662,0.014928051181102363,1017.0798488188977,0.014937007874015749,
1174.3601606299214,0.014968750000000001,1159.196525984252,0.014971702755905513,1009.5064913385827,0.014969734251968505,1019.8829669291339,0.01497869094488189,
1175.935348031496,0.01500841535433071,1161.7139055118112,0.015012401574803151,1011.8674645669292,0.015009399606299214,1022.1834236220473,0.015019832677165354,
1177.871555905512,0.015051082677165355,1163.6594960629923,0.015050590551181103,1014.1316283464568,0.0150496062992126,1024.6975716535433,0.015059005905511812,
1180.1363338582678,0.015093257874015747,1165.793631496063,0.015090255905511812,1016.2932157480315,0.015092273622047245,1027.0873826771656,0.015099212598425199,
1182.1532062992126,0.01513341535433071,1168.0966267716537,0.015132923228346456,1018.5403842519685,0.015135433070866143,1029.7785448818897,0.015139862204724411,
1183.7143212598426,0.015174606299212601,1170.458062992126,0.015175590551181103,1020.7290393700788,0.015175590551181103,1032.4437133858269,0.015182037401574804,
1185.7270393700787,0.015215255905511812,1172.574818897638,0.015215748031496064,1022.97728503937,0.015216289370078741,1035.030759055118,0.01522470472440945,
1187.3816598425196,0.015254478346456693,1174.6559716535432,0.015257431102362206,1025.2060787401576,0.015257923228346458,1037.5758173228346,0.015266879921259843,
1189.18814488189,0.015295127952755906,1177.1280598425196,0.015298129921259843,1027.1445165354332,0.015297637795275591,1039.6993417322835,0.0153060531496063,
1191.1374267716537,0.015337795275590552,1178.9889102362206,0.015336811023622048,1029.78777007874,0.015337303149606301,1042.6700125984253,0.015344734251968506,
1192.8289543307087,0.015380462598425198,1181.1950960629922,0.015377952755905512,1031.8798456692914,0.015379478346456693,1044.5974551181102,0.015384940944881891,
1195.0915811023624,0.015420620078740158,1183.4448062992128,0.015421604330708662,1034.2663464566929,0.015423622047244095,1047.793892913386,0.015428051181102364,
1196.6120188976379,0.015460334645669292,1185.7038173228348,0.015464271653543308,1036.6907590551182,0.015463287401574804,1050.1968503937007,0.015471702755905512,
1198.3959779527559,0.015501476377952758,1187.6968503937007,0.015503986220472442,1038.6641858267717,0.015502460629921262,1052.4174141732285,0.01551240157480315,
1200.1001952755905,0.015542667322834646,1189.6542803149607,0.01554365157480315,1040.8233102362205,0.01554365157480315,1055.194620472441,0.015553051181102362,
1202.164355905512,0.015583316929133858,1191.910296062992,0.015584842519685041,1043.1092377952757,0.015584842519685041,1057.2211811023624,0.01559325787401575,
1203.8078236220474,0.015625,1193.8825669291339,0.015625492125984252,1045.654220472441,0.015626476377952756,1059.9604,0.01563292322834646,
1205.490125984252,0.01566619094488189,1195.97848503937,0.01566619094488189,1047.7331433070867,0.015667667322834648,1062.2086456692914,0.015673129921259844,
1207.1771181102363,0.015706840551181104,1198.0394929133859,0.01570831692913386,1049.6098362204725,0.015708809055118112,1065.1321826771655,0.015715255905511812,
1208.7746078740158,0.015748523622047244,1200.2615181102362,0.015749507874015748,1052.0249448818897,0.01575,1067.4494803149605,0.015757431102362204,
1210.5812472440946,0.015788188976377952,1202.3598992125985,0.015790649606299213,1054.164692913386,0.015790649606299213,1069.9804692913385,0.015798129921259844,
1212.178809448819,0.01582888779527559,1204.6584346456693,0.015831348425196852,1056.1492692913387,0.015829872047244096,1072.5602078740158,0.015838779527559056,
1213.9790677165354,0.015869045275590552,1206.6783023622047,0.01587052165354331,1058.5803716535434,0.015871505905511812,1074.6241385826772,0.01588095472440945,
1215.6389952755906,0.015911220472440944,1208.814207874016,0.015911220472440944,1060.7275779527558,0.015911712598425196,1077.1858078740158,0.015920620078740157,
1217.368894488189,0.015954379921259844,1210.8407653543306,0.015952854330708664,1062.6948503937008,0.015952854330708664,1079.5344787401575,0.015960334645669292,
1219.3381669291339,0.01599552165354331,1213.0637921259843,0.01599601377952756,1064.677735433071,0.01599552165354331,1082.230251968504,0.01600196850393701,
1221.0049354330708,0.016036220472440948,1215.0303748031497,0.016038188976377953,1067.0673133858268,0.016036712598425196,1084.7886929133858,0.016045127952755905,
1222.224179527559,0.016075885826771656,1217.2651622047244,0.016078887795275592,1069.0791086614174,0.01607736220472441,1087.288,0.016086318897637796,
1223.836966929134,0.01611609251968504,1219.073650393701,0.0161185531496063,1071.3225102362205,0.016117568897637796,1089.6059905511813,0.016126476377952757,
1225.6561417322837,0.016157726377952757,1205.4838992125985,0.01615821850393701,1073.2906299212598,0.016157726377952757,1091.9208283464568,0.016166683070866144,
1227.234176377953,0.016200885826771653,1204.1700755905513,0.016198425196850393,1075.5145795275591,0.016198917322834648,1094.6282897637795,0.016206840551181104,
1228.8107464566929,0.016242568897637796,1207.1136031496064,0.016240059055118113,1077.6844692913387,0.016241584645669292,1096.9494330708662,0.016248031496062992,
1230.2576755905511,0.016282726377952757,1210.284050393701,0.016282726377952757,1079.7418645669293,0.01628371062992126,1099.786387401575,0.01629015748031496,
1231.4631527559056,0.016321899606299213,1212.9080787401576,0.016325393700787404,1082.0379401574803,0.016323917322834645,1101.6617700787401,0.016332332677165357,
1232.7647496062993,0.01636161417322835,1215.7249637795276,0.016365059055118113,1084.2231338582678,0.01636407480314961,1104.4438992125984,0.016373523622047245,
1234.0782645669292,0.016403248031496065,1218.1616787401574,0.016404773622047245,1086.2909070866142,0.016404281496062992,1107.0185637795275,0.016411712598425197,
1235.196925984252,0.016444438976377953,1220.369631496063,0.016444931102362205,1088.6421921259844,0.016445423228346457,1108.931240944882,0.016451377952755905,
1236.7000661417323,0.01648661417322835,1222.6535590551182,0.01648661417322835,1090.85168503937,0.0164871062992126,1111.5057511811024,0.016492568897637797,
1238.136535433071,0.016527755905511813,1224.3396283464567,0.016527755905511813,1092.9962015748033,0.016529281496062993,1114.0378929133858,0.01653523622047244,
1239.294261417323,0.0165689468503937,1226.3794141732285,0.016569931102362205,1095.1211874015748,0.016570423228346457,1116.4506960629922,0.016576870078740157,
1240.6929763779528,0.016610137795275592,1229.0881070866144,0.016610629921259844,1097.1823496062993,0.01661161417322835,1118.735388976378,0.016617076771653545,
1241.6045606299215,0.01664931102362205,1231.500831496063,0.01665177165354331,1099.2764976377953,0.016651279527559057,1121.1654929133858,0.01665871062992126,
1242.6570960629922,0.016690452755905513,1233.7134740157483,0.01669247047244095,1101.12342992126,0.01669148622047244,1123.8087464566931,0.0166994094488189,
1244.1421637795277,0.016732135826771657,1235.940651968504,0.0167316437007874,1103.1645228346458,0.016732627952755905,1126.1469606299213,0.016739566929133858,
1245.155020472441,0.01677234251968504,1238.2562582677167,0.016771801181102365,1105.540724409449,0.016773326771653545,1128.5105511811025,0.01678125,
1246.3458866141732,0.01681496062992126,1240.6356881889765,0.016813976377952757,1107.6117291338585,0.01681446850393701,1130.6785196850394,0.01682293307086614,
1246.9678897637796,0.016857135826771653,1242.6401795275592,0.01685615157480315,1109.7150267716536,0.0168566437007874,1133.243725984252,0.01686456692913386,
1247.9214582677166,0.01689734251968504,1244.9772377952756,0.016898818897637797,1111.9279023622048,0.01689931102362205,1135.4707496062993,0.01690625,
1248.3795968503937,0.016936023622047245,1246.8304,0.01693996062992126,1114.0909511811024,0.01693946850393701,1137.7415275590552,0.01694744094488189,
1249.065420472441,0.01697716535433071,1248.6434236220473,0.016979675196850397,1116.0604535433072,0.01697765748031496,1140.0870456692915,0.016987598425196853,
1249.932409448819,0.017021309055118113,1250.4719811023622,0.01701884842519685,1118.0988566929134,0.01701884842519685,1142.729839370079,0.01702726377952756,
1250.6899748031497,0.0170625,1252.8221889763781,0.017059498031496062,1120.0731275590551,0.017061515748031497,1144.6252913385829,0.017067470472440945,
1250.9402677165356,0.01710265748031496,1254.9172598425198,0.017101673228346458,1122.457631496063,0.017103149606299214,1147.3015338582677,0.017109596456692914,
1251.2233165354332,0.0171433562992126,1257.0607779527559,0.0171433562992126,1124.3455496062993,0.01714384842519685,1149.8029196850393,0.01715177165354331,
1251.6437763779527,0.01718400590551181,1259.3307086614175,0.01718503937007874,1126.1831023622049,0.017185531496062993,1151.7149826771654,0.017192470472440945,
1251.831861417323,0.017223720472440945,1261.0793700787403,0.01722470472440945,1128.2373417322835,0.017225688976377954,1154.4204440944882,0.017234104330708662,
1252.1408251968505,0.017264370078740158,1263.0084283464566,0.017265846456692914,1130.1379496062993,0.017264370078740158,1156.9383622047246,0.017274311023622046,
1252.1013795275592,0.017308021653543306,1264.700188976378,0.01730556102362205,1132.2235622047244,0.017306545275590553,1159.1373952755907,0.017313976377952758,
1252.2356346456693,0.017349212598425198,1266.6746110236222,0.017346210629921262,1134.3420881889765,0.0173501968503937,1161.4424661417324,0.017355167322834646,
1251.936207874016,0.017388877952755906,1268.589366929134,0.017390354330708662,1136.7818047244095,0.017391879921259845,1164.0796472440945,0.017397834645669293,
1251.5774173228347,0.017429576771653545,1270.6686771653544,0.017432529527559054,1138.4445732283466,0.017431545275590554,1166.2283149606299,0.017438484251968506,
1250.9322708661418,0.01747071850393701,1272.4966173228347,0.017471210629921262,1140.5732503937008,0.017471702755905514,1168.3895937007874,0.017479675196850394,
1250.4516031496064,0.017510925196850394,1274.0145165354331,0.017510925196850394,1142.4458645669292,0.017512893700787402,1171.0437669291339,0.017520324803149606,
1249.311483464567,0.017552066929133858,1275.872292913386,0.017553051181102362,1144.471965354331,0.01755255905511811,1172.9283811023622,0.017561515748031498,
1248.1938960629923,0.017593750000000002,1277.5708976377953,0.017593750000000002,1146.3232031496063,0.017593750000000002,1175.3492566929135,0.017601181102362206,
1246.7079842519686,0.017635433070866142,1279.2598897637795,0.01763494094488189,1148.3379212598427,0.017636417322834646,1177.0360188976379,0.017641879921259845,
1245.0668976377954,0.01767657480314961,1281.3222047244094,0.01767657480314961,1150.4079275590552,0.01767755905511811,1180.0385228346458,0.01768400590551181,
1242.7333763779527,0.017716781496062994,1283.0832472440945,0.01771825787401575,1152.212337007874,0.01771825787401575,1182.2368661417324,0.01772470472440945,
1239.9138771653545,0.017756938976377954,1284.7269480314962,0.017759399606299214,1154.118557480315,0.017758907480314962,1184.3696188976378,0.017765846456692914,
1236.360957480315,0.017797637795275593,1286.119124409449,0.017799606299212598,1155.92142992126,0.017798622047244098,1186.5876440944883,0.017807529527559054,
1231.56734488189,0.017838287401574806,1287.6794708661419,0.01784025590551181,1157.6983118110238,0.017838779527559055,1188.6786425196851,0.017849212598425198,
1225.1170330708662,0.01788095472440945,1289.2791118110235,0.01788095472440945,1159.5499338582677,0.017880462598425198,1191.150113385827,0.017888877952755906,
1215.3953921259842,0.017923622047244094,1290.8676787401578,0.017921604330708663,1161.9033732283465,0.01792411417322835,1193.014809448819,0.017929576771653542,
1195.8607590551183,0.017964763779527562,1292.721303937008,0.017963779527559058,1163.8505007874016,0.017965748031496063,1195.4274582677167,0.01797224409448819,
1115.7357291338583,0.017979183070866142,1294.0343559055118,0.018005462598425198,1165.7249637795276,0.018006446850393702,1197.546368503937,0.018013877952755906,
1014.8744314960632,0.017980659448818898,1295.7609511811024,0.018047096456692915,1167.574818897638,0.018046604330708663,1199.5738488188977,0.018054084645669294,
891.876,0.017982627952755906,1297.1696598425199,0.0180873031496063,1169.267577952756,0.018084842519685042,1202.0117952755907,0.01809522637795276,
757.4959244094489,0.017984596456692915,1298.4741007874018,0.01812647637795276,1171.1166645669293,0.018125492125984254,1204.121555905512,0.018135433070866142,
690.3977763779528,0.017985629921259842,1299.451587401575,0.018167175196850394,1173.033955905512,0.018167667322834646,1206.135272440945,0.01817509842519685,
