Stress_1,Strain_1,Stress_2,Strain_2,Stress_3,Strain_3,Stress_4,Strain_4,Comment
0.20718740157480314,4.921259842519685e-07,-0.07566614173228348,4.921259842519685e-07,0.04012913385826772,4.921259842519685e-07,0.17019842519685038,0.0,"Purple_215, Seq: 24, 30, 35, 56"
0.2987433070866142,1.437007874015748e-05,0.0344,6.938976377952756e-06,0.16672755905511813,8.90748031496063e-06,-0.028705511811023623,1.2893700787401575e-05,Stress units of [MPa]
6.536091338582677,7.490157480314961e-05,3.7965511811023624,5.255905511811024e-05,5.2970267716535435,6.648622047244095e-05,-0.011678740157480317,4.069881889763779e-05,Strain unit-less
13.991546456692914,0.00013390748031496063,11.948910236220472,0.00011658464566929134,13.713190551181103,0.00012746062992125985,1.7957354330708661,6.796259842519684e-05,
18.795108661417324,0.0001746062992125984,17.259108661417322,0.00016122047244094488,18.360541732283465,0.0001676673228346457,10.345902362204724,0.00014035433070866142,
23.133240944881894,0.00021579724409448821,21.333439370078743,0.0002033956692913386,23.237889763779528,0.00021181102362204725,17.805549606299213,0.00019744094488188978,
27.92643779527559,0.00025841535433070867,25.97141102362205,0.00024650590551181104,28.17915590551181,0.0002569389763779528,22.75767559055118,0.0002395669291338583,
32.73172598425197,0.0003015748031496063,30.298440944881893,0.0002876968503937008,32.61550866141732,0.00029812992125984256,27.8743968503937,0.00028371062992125985,
37.17524094488189,0.000344242125984252,34.34882834645669,0.00032736220472440945,36.718708661417324,0.00033779527559055125,32.89339527559056,0.00032637795275590556,
41.71227716535433,0.00038641732283464575,38.87772598425197,0.0003690452755905512,40.74318740157481,0.0003779527559055118,37.18637165354331,0.00036707677165354334,
46.069414173228346,0.00042755905511811026,43.03497007874016,0.0004122047244094488,45.1472157480315,0.00042062007874015754,41.43073070866142,0.00040920275590551185,
50.12252283464568,0.00046776574803149604,47.6648031496063,0.00045339566929133865,49.52902992125985,0.0004623031496062992,46.58496692913386,0.0004518700787401575,
54.042116535433074,0.0005084153543307087,52.413823622047246,0.0004945374015748031,53.82151181102362,0.000503494094488189,51.141751181102364,0.0004935531496062992,
57.91754330708662,0.0005486220472440945,56.28875590551181,0.0005347440944881891,58.21393700787402,0.0005451279527559055,55.85055118110237,0.0005357283464566929,
62.193486614173224,0.0005912893700787403,60.42305511811024,0.0005749015748031496,62.66583937007875,0.0005853346456692914,60.37006614173229,0.0005768700787401576,
66.18860472440946,0.0006329232283464567,64.66716220472442,0.0006150590551181102,66.63355590551181,0.000625,64.96411338582678,0.0006155511811023623,
70.69627086614173,0.0006726377952755905,69.26836220472441,0.00065625,71.21624881889764,0.0006656988188976378,69.338768503937,0.0006557578740157481,
74.37798110236221,0.0007132874015748033,74.01763779527559,0.0006989173228346457,75.34684724409449,0.0007073326771653544,73.82818267716536,0.0006974409448818899,
78.47871181102363,0.0007544783464566929,78.68325039370079,0.0007405511811023623,79.62649763779528,0.0007495078740157481,78.46072125984251,0.0007400590551181103,
82.50516220472441,0.0007951279527559055,82.82667716535433,0.00078125,84.10579212598425,0.0007911909448818897,82.96741417322835,0.00078125,
86.28459212598425,0.0008353346456692914,87.03796850393701,0.0008214074803149607,88.36396850393702,0.0008313484251968505,87.47681574803151,0.0008224409448818898,
90.41567244094487,0.000876476377952756,91.04418267716535,0.0008616141732283466,92.51430236220473,0.0008730314960629921,91.79644094488191,0.0008625984251968504,
94.66200944881889,0.0009191437007874016,95.6483464566929,0.000901771653543307,97.0515874015748,0.0009131889763779528,95.995631496063,0.000901771653543307,
98.4063968503937,0.0009608267716535434,100.14047559055119,0.0009434547244094488,101.65131338582678,0.0009533956692913387,100.17731968503938,0.000942470472440945,
102.25516850393701,0.001000984251968504,104.49735748031496,0.0009856299212598427,105.88407874015748,0.0009955216535433072,104.6060188976378,0.0009846456692913386,
106.16933858267717,0.001040698818897638,108.95592440944883,0.001027263779527559,110.3379527559055,0.0010376968503937008,109.2136377952756,0.001027263779527559,
109.77675590551182,0.0010803641732283465,113.24471496062992,0.001067962598425197,114.62475275590552,0.0010793799212598426,113.44812913385827,0.0010684547244094488,
113.84615748031496,0.0011220472440944883,117.65268346456695,0.0011086122047244094,118.8760220472441,0.0011195374015748032,117.70259842519687,0.0011081200787401576,
117.39977637795276,0.0011636811023622048,121.98538267716536,0.0011493110236220473,123.14703937007874,0.001160236220472441,122.47531653543308,0.0011498031496062992,
121.26902992125986,0.0012063484251968505,126.23541732283466,0.001189468503937008,126.77296062992126,0.0011994094488188977,126.8452787401575,0.001189468503937008,
125.0124283464567,0.001248523622047244,130.7640724409449,0.0012316437007874016,131.12591181102363,0.0012400590551181101,130.8983905511811,0.0012296751968503938,
128.61712755905512,0.0012886811023622047,135.19055433070866,0.0012738188976377954,135.28340472440945,0.001282234251968504,135.24343937007876,0.0012723425196850395,
131.96198740157482,0.0013273622047244096,139.61506456692914,0.0013154527559055117,139.70222677165356,0.0013244094488188978,139.47422362204725,0.00131496062992126,
135.24266141732284,0.0013680610236220473,144.0788125984252,0.0013561515748031496,144.13709606299213,0.0013655511811023623,143.92094803149607,0.0013556594488188976,
139.17337322834646,0.001410236220472441,148.15215433070867,0.0013953248031496064,148.04583622047244,0.0014052657480314963,148.03351496062993,0.0013958169291338584,
142.69465826771653,0.0014523622047244095,152.31679685039373,0.0014355314960629922,152.0535496062992,0.001445423228346457,152.36622362204724,0.001437007874015748,
146.08664566929136,0.0014940452755905513,156.54833070866144,0.0014771653543307086,156.33615118110237,0.0014861220472440948,156.36134488188978,0.0014771653543307086,
149.82091338582677,0.001535728346456693,161.0100976377953,0.0015183562992125987,160.44625826771656,0.0015267716535433073,160.38360000000003,0.0015178641732283464,
152.88985511811026,0.0015753937007874017,165.01828031496063,0.0015590059055118112,164.52060157480315,0.0015689468503937009,164.70864566929134,0.0015590059055118112,
156.24852913385828,0.0016150590551181104,169.32088503937007,0.0016011811023622048,168.80813228346457,0.0016111220472440947,169.25852283464567,0.0016006889763779527,
159.43765984251968,0.0016547736220472442,173.34412913385827,0.0016423720472440947,172.9969700787402,0.0016517716535433072,173.33630551181102,0.0016423720472440947,
162.84075905511813,0.0016974409448818899,177.6060188976378,0.0016810531496062994,177.12312125984252,0.001691978346456693,177.63619842519685,0.0016830216535433072,
166.8363590551181,0.0017395669291338585,181.66578897637794,0.0017217027559055119,181.00447559055118,0.0017321358267716536,181.8144251968504,0.0017222440944881891,
169.97835275590555,0.0017807578740157482,185.9676440944882,0.0017633858267716539,185.12345511811026,0.0017733267716535433,185.56152440944882,0.0017628937007874016,
173.5201417322835,0.001821948818897638,190.38228346456694,0.0018060531496062993,189.1972976377953,0.001813976377952756,190.1252031496063,0.0018045767716535436,
176.62190236220474,0.0018625984251968504,194.50301102362207,0.0018472440944881892,193.04779842519685,0.0018561515748031496,194.57857952755904,0.0018467027559055118,
179.73502047244094,0.0019017716535433072,198.1523748031496,0.0018888779527559056,197.46020787401574,0.0018983267716535435,198.5460566929134,0.0018888779527559056,
182.70600000000002,0.001942470472440945,202.43621732283466,0.0019285925196850396,201.34921259842523,0.0019384842519685039,202.53623622047246,0.0019300688976377953,
186.2680125984252,0.0019846456692913387,206.256862992126,0.0019667814960629922,205.30830866141733,0.0019786909448818897,206.91879055118113,0.001969242125984252,
189.0484850393701,0.0020262795275590552,210.31934488188978,0.0020079232283464568,209.57436850393702,0.0020198326771653547,210.53067086614175,0.002008907480314961,
191.87188661417323,0.002067470472440945,214.41784881889765,0.0020505905511811026,213.4127779527559,0.0020610236220472444,214.5988220472441,0.0020500984251968506,
194.67504251968504,0.0021081200787401574,218.53857952755908,0.00209375,217.5307968503937,0.002102165354330709,218.80665196850396,0.0020927657480314965,
196.92346141732284,0.002148818897637795,222.71582362204725,0.0021339074803149605,221.58637480314962,0.0021443405511811027,223.2889196850394,0.0021339074803149605,
199.53415433070867,0.0021879921259842523,226.53941102362205,0.0021736220472440945,225.77100472440947,0.002186023622047244,227.22973543307089,0.0021750984251968503,
202.69045039370081,0.002229183070866142,230.73047874015748,0.0022157972440944884,229.92058582677166,0.0022276574803149606,231.32504881889767,0.0022142716535433074,
205.7598929133858,0.0022723425196850395,235.00913070866144,0.002256446850393701,233.93916220472443,0.0022673720472440946,235.200462992126,0.0022559547244094488,
208.4300598425197,0.002314468503937008,238.8184157480315,0.0022976377952755906,237.82864881889765,0.0023065452755905514,239.4351905511811,0.0022976377952755906,
210.73867086614175,0.002355659448818898,242.97171023622047,0.002339271653543307,241.59917795275592,0.002347736220472441,243.49940157480316,0.002338779527559055,
213.57341102362207,0.0023963090551181103,247.04976377952758,0.002381938976377953,245.71225511811025,0.0023893700787401577,247.47057007874017,0.002379970472440945,
216.57622677165355,0.0024355314960629922,251.34469606299214,0.0024236220472440943,249.8181637795276,0.0024300688976377953,251.89779842519687,0.002421604330708662,
218.8779527559055,0.0024756889763779526,255.03898582677166,0.002463287401574803,253.91743937007874,0.00247121062992126,255.86033700787405,0.002463287401574803,
221.63939527559054,0.002516879921259843,258.4682393700788,0.00250246062992126,257.79037480314963,0.0025128937007874016,259.78707716535433,0.002504478346456693,
224.4536818897638,0.002559005905511811,262.54106141732285,0.0025431594488188975,261.9592188976378,0.0025535925196850393,263.81626456692914,0.0025446358267716537,
227.14949606299214,0.002601181102362205,266.4875842519685,0.0025838090551181104,265.5059275590551,0.0025932578740157485,267.4767212598425,0.0025843011811023625,
229.7868283464567,0.002641879921259843,270.2415842519685,0.0026254921259842518,269.0173448818898,0.0026339074803149605,271.27393385826775,0.002625,
232.37506456692915,0.0026820374015748033,274.2830929133859,0.002667667322834646,273.07465196850393,0.002676082677165355,275.4768251968504,0.0026666830708661415,
234.963262992126,0.002722244094488189,278.1962614173229,0.002709301181102362,276.930094488189,0.002717765748031496,279.5921322834646,0.00270880905511811,
237.7316440944882,0.00276240157480315,282.081788976378,0.00275,280.7478015748032,0.0027584153543307086,283.36587401574803,0.002749015748031496,
240.2263401574803,0.0028035925196850395,285.7185795275591,0.002789665354330709,284.4679842519685,0.002800098425196851,287.3002866141732,0.0027906496062992127,
243.4460724409449,0.002845718503937008,289.3418015748032,0.0028298720472440947,288.04454803149605,0.002839763779527559,291.06341417322835,0.002830856299212599,
245.8511842519685,0.00288740157480315,293.25474015748034,0.002870521653543307,291.8715968503937,0.002878986220472441,294.98992755905516,0.002870521653543307,
248.8707811023622,0.002928051181102362,297.1933448818898,0.0029126968503937014,295.29593070866144,0.0029201279527559056,298.39030551181105,0.002910728346456693,
251.16777952755908,0.0029692421259842525,300.8883842519685,0.0029543799212598428,299.6157952755906,0.002963779527559055,302.4621480314961,0.002953395669291339,
254.1224976377953,0.00300994094488189,304.59105511811026,0.002995521653543307,303.5931527559055,0.003005462598425197,306.4118834645669,0.002995029527559055,
256.9170236220473,0.0030500984251968506,308.72879685039373,0.003036220472440945,307.3308503937008,0.003044635826771654,310.26705511811025,0.0030367125984251974,
259.53657637795277,0.0030917814960629924,312.2747748031496,0.0030753937007874017,310.84943622047246,0.003085826771653544,314.14643149606303,0.0030773622047244095,
262.5213763779528,0.0031339074803149606,315.80891338582677,0.00311609251968504,314.6858645669291,0.0031284940944881893,317.9924724409449,0.0031180610236220476,
265.11107401574804,0.0031750984251968503,319.6557228346457,0.003157234251968504,318.6096661417323,0.0031691437007874018,321.5024440944882,0.003157234251968504,
267.58381417322835,0.0032157972440944884,323.6197417322835,0.003200393700787402,322.14945511811027,0.003209301181102362,325.4893952755906,0.003198917322834646,
270.09627086614177,0.003255462598425197,327.2130677165354,0.0032410925196850395,325.7788661417323,0.003251476377952756,329.09929448818895,0.0032410925196850395,
272.6176283464567,0.0032951279527559055,330.86122204724415,0.00328125,329.63897952755906,0.003293159448818898,332.85652283464566,0.0032822342519685044,
274.97435590551186,0.0033363188976377953,334.4535874015748,0.0033218996062992128,333.2069322834646,0.0033338090551181102,336.2178960629921,0.0033214074803149607,
277.5593826771654,0.003378494094488189,338.1945133858268,0.0033630905511811025,336.65588976377956,0.003375,339.9879275590551,0.0033630905511811025,
280.79293858267715,0.0034201279527559057,342.0921511811024,0.0034042814960629922,340.2013858267717,0.003413681102362205,343.7572283464567,0.0034047736220472443,
283.5373669291339,0.0034618110236220474,345.4115779527559,0.0034454232283464567,343.6116283464567,0.003454379921259843,347.2360976377953,0.0034454232283464567,
286.2864661417323,0.003502952755905512,349.0236692913386,0.0034866141732283465,347.2471716535433,0.003496013779527559,350.6870551181102,0.003485629921259843,
288.7318141732284,0.003542667322834646,352.703694488189,0.0035282972440944882,350.84422677165355,0.003538681102362205,354.6012251968504,0.0035277559055118114,
291.29857952755907,0.0035828248031496064,356.84512755905513,0.003570915354330709,354.6310582677166,0.003579872047244095,358.3285795275591,0.003570915354330709,
294.44697322834645,0.003625,360.2992755905512,0.0036111220472440945,358.0188472440945,0.0036210137795275594,361.81902047244097,0.0036111220472440945,
296.61988346456695,0.00366619094488189,363.51258897637797,0.0036502952755905513,361.61048188976383,0.003661220472440945,365.5061606299213,0.0036517716535433074,
299.13702992125985,0.0037063484251968503,367.0440157480315,0.003690994094488189,364.93437165354334,0.003701377952755906,368.7920220472441,0.003692470472440945,
302.11268031496064,0.0037485236220472446,370.5714803149607,0.0037326279527559055,368.51389606299216,0.00374109251968504,372.30864881889767,0.003732135826771654,
304.9723937007874,0.0037901574803149607,374.0298582677165,0.003775295275590552,372.02975118110237,0.003782234251968504,376.0868283464567,0.0037728346456692916,
307.42781417322834,0.0038298720472440947,377.60469291338586,0.003815452755905512,375.9345795275591,0.003825393700787402,379.664894488189,0.003814468503937008,
309.93954015748034,0.0038695374015748035,381.00901102362207,0.0038566437007874015,379.04642834645676,0.0038670767716535433,383.67429606299214,0.0038571358267716536,
312.6877007874016,0.003911220472440945,384.60656692913386,0.0038973425196850396,382.49988346456695,0.003907726377952756,387.0191401574803,0.0038978346456692912,
315.4975086614174,0.003954379921259843,387.8125007874016,0.003937007874015749,385.8950929133859,0.003947440944881891,390.28158740157477,0.0039375,
318.50082204724407,0.003994537401574803,391.01516220472445,0.003977165354330709,389.31317795275595,0.003986614173228347,393.718242519685,0.003977165354330709,
320.9212377952756,0.00403474409448819,393.6685700787402,0.004020816929133858,392.8184598425197,0.004028297244094489,396.9330173228347,0.004018356299212598,
323.57560314960637,0.004076377952755905,397.2049165354331,0.0040625,396.1183937007874,0.004070423228346457,400.2736692913386,0.00406003937007874,
326.0779496062992,0.004117568897637796,400.41280944881896,0.0041026574803149606,399.6414393700788,0.004112106299212598,404.0410078740158,0.0041021653543307085,
328.89394645669296,0.004156742125984252,403.5236976377953,0.004142864173228346,402.8204188976378,0.00415378937007874,407.32764094488186,0.004143356299212598,
331.3901007874016,0.004197933070866142,406.8073322834646,0.0041830216535433075,406.4229354330709,0.004194438976377953,410.37955275590554,0.0041835137795275595,
334.1676157480315,0.004241584645669292,409.7043023622047,0.004223228346456693,409.44893543307086,0.004234645669291339,413.5982866141732,0.004224212598425197,
337.1201007874016,0.004282726377952756,412.95537007874015,0.0042638779527559055,412.5738960629921,0.004274803149606299,417.09072755905515,0.0042633858267716535,
339.7152220472441,0.004323425196850394,416.05468661417325,0.0043070374015748035,416.0263527559055,0.004315994094488189,420.15621102362206,0.004305068897637795,
342.4218740157481,0.004363582677165355,419.3995307086614,0.004347736220472441,419.5241763779528,0.004357135826771654,423.62643149606305,0.004348228346456693,
344.76704881889765,0.004404773622047244,422.4287181102363,0.004388877952755906,422.71507401574803,0.004399311023622047,427.074157480315,0.004388877952755906,
347.3414425196851,0.004445423228346457,426.0401165354331,0.004429576771653543,426.1265448818898,0.004441978346456693,430.14829291338583,0.004430561023622047,
349.8921543307087,0.004485629921259842,428.9816850393701,0.004470226377952756,429.4096787401575,0.004483120078740158,433.6960188976378,0.004472736220472441,
352.54083149606305,0.004527755905511811,431.92801889763786,0.0045114173228346455,432.5351401574803,0.004522342519685039,437.0317102362205,0.004512893700787402,
355.4617133858268,0.004568454724409449,435.2679401574803,0.004552066929133859,435.47428661417325,0.0045615157480314965,440.18185511811026,0.004552559055118111,
357.86017322834647,0.004609645669291338,438.5182771653544,0.004594242125984252,438.3206582677165,0.004602165354330709,443.2493385826772,0.0045932578740157486,
360.68109606299214,0.0046488188976377956,441.86485039370086,0.0046359251968503936,441.77603779527567,0.004645324803149607,446.48460472440945,0.004634399606299213,
363.0896661417323,0.004689468503937008,444.93944566929133,0.00467755905511811,445.15594330708666,0.004687007874015749,450.17347401574807,0.004676082677165355,
365.97056377952754,0.004730659448818898,447.65352125984253,0.00471875,448.37025511811026,0.00472869094488189,453.4252724409449,0.004717765748031497,
368.43342362204726,0.0047723425196850395,451.02677480314964,0.004757431102362205,451.48979527559055,0.004769832677165355,456.7064472440945,0.004759399606299213,
371.48510551181107,0.004814468503937008,453.940737007874,0.004797637795275591,454.44301417322833,0.004808021653543307,459.7078015748031,0.004799114173228347,
374.2673102362205,0.00485615157480315,457.34382677165354,0.004838287401574803,457.5728976377953,0.004848228346456694,463.0726362204724,0.004838287401574803,
376.7483937007874,0.004896801181102362,460.4408755905512,0.004881938976377953,460.7163496062992,0.004890354330708662,466.12012598425196,0.004879970472440945,
379.6382110236221,0.004937992125984253,463.9503496062992,0.004924114173228347,464.06465196850394,0.004933021653543307,469.2976440944882,0.0049221456692913395,
381.98211338582684,0.004977165354330709,466.65258267716536,0.004964763779527559,467.1997637795276,0.00497470472440945,472.656557480315,0.004963287401574803,
384.7529763779528,0.005017864173228347,469.71560629921265,0.005004478346456693,470.17912755905513,0.005014370078740158,475.53203464566934,0.005004970472440945,
387.7224566929134,0.005061023622047244,472.6317984251969,0.005044635826771653,473.0694047244094,0.005054576771653544,478.58617637795277,0.005046604330708662,
390.59843149606303,0.005102657480314961,475.6484535433071,0.005085826771653543,476.32070551181107,0.005094242125984252,482.01640944881893,0.005085826771653543,
393.3490330708662,0.005143848425196851,478.6989039370079,0.005126968503937008,479.15031496062994,0.005134399606299213,484.79292283464565,0.005125492125984253,
396.28521889763783,0.005184005905511812,482.0328661417323,0.005169143700787402,481.94308976377954,0.0051770669291338585,488.106431496063,0.005167175196850394,
398.9319338582677,0.005223720472440945,485.1679779527559,0.00520984251968504,485.096462992126,0.005219242125984252,491.58183937007874,0.00520984251968504,
401.5366645669291,0.005264370078740158,488.3395748031496,0.0052509842519685036,488.09185826771653,0.005259940944881891,494.56093228346464,0.0052509842519685036,
403.9450047244095,0.005305068897637795,491.2564976377953,0.005290649606299213,490.65910236220475,0.0053005905511811025,497.46259212598426,0.005291683070866142,
406.9685417322835,0.005347736220472441,494.2289385826772,0.005330364173228346,493.20316220472444,0.005341289370078741,500.3464503937008,0.0053318405511811025,
409.6749669291339,0.005389370078740159,497.32033700787406,0.005372047244094488,496.214588976378,0.005381938976377953,503.4429984251969,0.005373523622047245,
412.2937669291339,0.0054315452755905515,500.93173228346456,0.005414173228346457,499.22555590551184,0.005423129921259842,506.2737984251969,0.0054131889763779535,
415.214651968504,0.005472736220472441,503.95404094488197,0.005454872047244095,502.32383307086616,0.00546476377952756,509.2260535433071,0.005454379921259843,
417.9228440944882,0.0055119094488188984,507.16243149606305,0.005496013779527559,505.334337007874,0.005506938976377954,512.1477070866142,0.005496998031496063,
420.5692913385827,0.005551574803149607,510.09438740157486,0.005539173228346457,508.25991181102364,0.0055491141732283466,515.2625196850394,0.005537696850393701,
423.33222992125985,0.0055927657480314965,513.3353070866142,0.00557888779527559,510.97717795275594,0.005589763779527559,518.1066236220473,0.005578395669291338,
426.0840598425197,0.005633415354330708,515.9911716535433,0.005617568897637795,513.8504251968504,0.0056294783464566935,521.0366551181103,0.005619045275590552,
428.97707086614173,0.0056731299212598426,518.9392,0.005658218503937008,516.4344692913387,0.00566865157480315,523.8699181102363,0.00565871062992126,
431.51024881889765,0.005714271653543308,522.1606645669292,0.005700885826771654,519.2798425196851,0.005709301181102363,526.7930677165355,0.005699409448818898,
434.47977007874016,0.005756938976377953,525.4650582677166,0.005743061023622048,522.1128724409449,0.005751476377952757,529.2023716535433,0.00574005905511811,
436.991725984252,0.0057971456692913394,528.4947874015749,0.005784744094488189,525.097694488189,0.005795620078740158,531.9623527559055,0.005784202755905511,
439.72556220472444,0.005836811023622048,531.4122078740158,0.005824901574803149,528.021231496063,0.005836318897637796,535.0502897637796,0.005826870078740158,
442.6684,0.005879478346456693,534.131703937008,0.005865059055118111,530.7937826771654,0.005875492125984252,537.3270645669292,0.0058660925196850405,
445.824925984252,0.005921604330708662,537.073272440945,0.005905265748031497,533.2140062992125,0.005914665354330708,540.2767811023623,0.005905757874015749,
448.24733858267723,0.005962795275590552,540.3892787401575,0.005945915354330709,535.9692566929134,0.005955364173228346,543.3892094488189,0.005947440944881891,
451.0292724409449,0.006004478346456694,543.3642204724409,0.005989566929133858,538.5777165354331,0.00599753937007874,546.0699496062992,0.005988090551181102,
453.5985165354331,0.0060456200787401574,546.4464661417322,0.00603125,541.4937165354331,0.006040649606299213,548.9229732283465,0.006030265748031496,
456.22078110236225,0.00608484251968504,549.0914897637796,0.0060714074803149614,544.4180220472441,0.006081840551181102,551.5716881889764,0.0060718996062992135,
458.69571338582676,0.006124507874015748,552.3588220472442,0.006112106299212599,547.1510897637795,0.006122539370078741,554.228283464567,0.006113090551181103,
461.45669291338584,0.006167667322834646,555.3145385826772,0.0061522637795275595,549.6692377952756,0.0061631889763779524,556.9104881889764,0.006153789370078741,
464.3642362204725,0.006210334645669292,558.0468377952757,0.006192470472440945,552.2760062992127,0.006201870078740158,560.0080346456693,0.006192962598425197,
467.0282519685039,0.006250492125984252,560.9496881889763,0.00623361220472441,554.7420188976379,0.006242568897637795,562.371240944882,0.006233120078740158,
469.6680440944882,0.006290649606299213,564.277537007874,0.0062757874015748035,557.4198362204725,0.006285236220472442,565.3547905511812,0.006274803149606299,
472.26858582677164,0.0063318405511811025,567.0727716535433,0.006317962598425196,560.2331433070867,0.006325885826771654,568.2122362204725,0.006316978346456693,
474.79761259842525,0.00637253937007874,570.2231874015748,0.00635861220472441,562.7798960629922,0.006367076771653543,571.1634929133859,0.00635861220472441,
477.58715905511815,0.006413681102362206,573.129537007874,0.006398818897637796,565.3305700787402,0.006409744094488189,574.176957480315,0.0064002952755905515,
480.2464850393701,0.006455364173228347,576.0469196850394,0.006438484251968505,567.7421039370079,0.0064508858267716546,576.698988976378,0.00643996062992126,
483.0755559055118,0.006497047244094489,579.1084440944882,0.006479183070866142,570.3360283464567,0.006489566929133859,579.4577763779528,0.006479675196850394,
485.93992125984255,0.006538188976377953,582.0901133858267,0.006520324803149607,572.7406047244095,0.0065297736220472444,582.1165637795276,0.006519832677165355,
488.49140472440945,0.0065788877952755904,585.4233448818898,0.0065625,575.1048062992127,0.006571407480314961,584.9515181102363,0.006561515748031496,
491.2239716535433,0.006618553149606299,588.5512661417323,0.0066051673228346465,577.8260346456693,0.006614074803149606,587.8608283464567,0.006604183070866142,
493.7215874015748,0.006659202755905512,591.3223590551181,0.006646309055118111,580.2681700787401,0.006655757874015748,591.0348881889764,0.006644832677165355,
496.43985196850394,0.006698917322834647,594.2812661417323,0.006686515748031497,582.6133039370079,0.006696899606299213,593.6421543307086,0.006687007874015749,
499.0848755905512,0.006740059055118111,597.0231748031496,0.006725196850393701,585.0045763779527,0.006736614173228348,596.0749102362205,0.006727657480314961,
501.73501417322836,0.006783218503937008,599.854746456693,0.0067658956692913386,587.3314866141733,0.006776771653543308,598.9224755905512,0.0067658956692913386,
504.5144881889764,0.006825393700787402,602.9797070866142,0.006809005905511812,589.8142992125985,0.006816978346456694,601.4904881889764,0.006806545275590551,
506.9596220472441,0.00686609251968504,605.7994362204724,0.006851181102362205,592.292768503937,0.006859645669291339,603.8672251968504,0.006849212598425198,
509.72356220472443,0.006905757874015749,608.6200850393701,0.006891879921259844,594.8806992125984,0.006902755905511812,607.0482047244095,0.006891879921259844,
512.1333291338583,0.006944931102362205,611.6263622047245,0.006932529527559055,597.302611023622,0.006942962598425197,610.0349480314961,0.006933021653543307,
514.8370614173228,0.006987598425196851,614.5082960629921,0.00697224409448819,599.8742771653544,0.006982627952755906,612.3324850393701,0.006973720472440945,
517.9070047244095,0.007030265748031496,617.4967307086615,0.007012893700787402,602.316683464567,0.007023818897637796,615.3794740157481,0.007013877952755905,
520.3757858267717,0.007071407480314961,620.3376818897638,0.00705359251968504,605.2689007874015,0.007064468503937008,617.7324913385827,0.00705359251968504,
523.189051968504,0.007112106299212598,623.2936314960631,0.0070962106299212605,607.3255653543307,0.007105167322834646,620.7089291338583,0.007094734251968505,
525.8226582677165,0.007151279527559056,626.3060188976378,0.007137893700787402,609.8668566929134,0.007146309055118111,623.6520346456693,0.00713740157480315,
528.5986708661418,0.007190994094488189,629.4216377952756,0.007179576771653544,612.571357480315,0.007188484251968505,626.3403905511811,0.007179084645669292,
531.4248188976378,0.0072326279527559064,632.2504755905512,0.0072197342519685044,615.0136881889764,0.007229675196850395,629.0253606299214,0.0072197342519685044,
533.8094771653543,0.0072752952755905514,635.032179527559,0.007259399606299213,617.3916566929134,0.007269340551181103,631.8981070866142,0.00725994094488189,
536.5388535433071,0.007316978346456693,637.9221889763779,0.007299606299212598,619.9925039370079,0.007309498031496064,634.4278645669292,0.007301082677165355,
538.8877196850394,0.007358120078740159,640.717505511811,0.00734128937007874,622.8289952755906,0.0073501968503937015,637.5772787401575,0.007341781496062992,
541.4013669291338,0.007398818897637796,643.692368503937,0.007382431102362206,625.4076188976378,0.007391387795275591,640.3779748031496,0.0073814468503937015,
543.9044818897638,0.007439960629921261,646.1821795275591,0.007424114173228347,628.3506488188976,0.007433021653543307,643.1014330708662,0.007423129921259843,
546.3816440944883,0.007479183070866142,649.1965259842519,0.007466781496062992,631.0326582677166,0.007476673228346458,645.9048188976378,0.007465255905511811,
548.894368503937,0.007519832677165355,651.8513921259843,0.007506938976377953,633.3592976377953,0.007518356299212599,648.6041322834645,0.007506446850393701,
551.7394362204725,0.007562007874015749,654.5770803149607,0.007546112204724409,635.7384976377954,0.007558021653543308,651.1717984251969,0.007547145669291338,
554.0872976377952,0.00760265748031496,657.3353669291338,0.0075858267716535435,638.1925133858268,0.007597244094488189,653.8076724409449,0.007587795275590552,
556.9037984251969,0.007644832677165355,659.970472440945,0.007627460629921261,640.6380724409449,0.007636909448818898,656.6513133858268,0.007627952755905512,
559.3911086614173,0.007687007874015749,663.0369543307088,0.007670620078740158,643.1670236220473,0.0076790846456692916,658.9305480314962,0.007668651574803151,
562.0679275590551,0.007726673228346457,665.6043937007875,0.007711811023622048,645.9275811023623,0.007721702755905512,661.3095149606299,0.007710334645669292,
564.768894488189,0.007765354330708662,668.3051653543307,0.007752952755905511,648.2921700787402,0.007762893700787402,664.6395937007874,0.0077534940944881895,
567.498809448819,0.007806545275590552,671.2879874015748,0.00779365157480315,650.8735244094488,0.00780359251968504,667.1735055118111,0.007794143700787401,
570.1055370078741,0.007849704724409448,673.8900251968504,0.007832332677165354,653.387672440945,0.00784375,669.4335181102363,0.00783380905511811,
573.1690614173228,0.007891879921259844,676.4005606299214,0.007873031496062994,655.9075118110237,0.00788390748031496,672.2579370078741,0.007873523622047246,
575.2824346456694,0.007932529527559056,679.3581606299213,0.007915649606299213,658.0475685039371,0.007924606299212598,674.7098771653544,0.007914665354330708,
578.0254204724409,0.007973228346456694,682.2890015748033,0.007958316929133858,660.3537921259843,0.00796628937007874,677.6278771653544,0.00795634842519685,
580.4460283464567,0.00801240157480315,685.1437165354331,0.007999507874015748,663.0841700787403,0.00800890748031496,680.2805102362206,0.007999015748031496,
583.0034677165355,0.008052066929133858,687.6909291338584,0.008039173228346456,665.8360000000001,0.00805009842519685,682.7838173228347,0.008040157480314962,
585.4835905511811,0.008094242125984252,690.4472188976378,0.0080808562992126,668.3815212598427,0.00809128937007874,685.3303401574805,0.008079872047244094,
588.2616031496063,0.008136909448818898,693.2725606299213,0.00812101377952756,670.6805165354331,0.008130954724409448,688.3180818897638,0.008120521653543308,
590.802935433071,0.00817859251968504,695.8077795275591,0.008161220472440946,673.0777102362205,0.00817160433070866,690.7313448818899,0.008161220472440946,
593.1838236220473,0.008218257874015748,698.5410771653544,0.008203887795275592,675.6343811023623,0.008211811023622046,693.3992818897638,0.008202854330708663,
595.6173102362205,0.008257923228346457,701.5246677165354,0.008245521653543307,677.993357480315,0.008252952755905513,696.0940566929135,0.008244537401574803,
598.1905133858268,0.008299114173228346,703.9230897637796,0.008286220472440944,680.7947842519685,0.008294143700787402,698.6664913385828,0.008285728346456692,
600.679788976378,0.008339763779527559,706.6850708661418,0.00832736220472441,683.444188976378,0.008336811023622048,701.2870645669291,0.00832736220472441,
603.235420472441,0.0083814468503937,709.490188976378,0.00836609251968504,685.940346456693,0.00837849409448819,704.0547338582677,0.008368061023622048,
605.948957480315,0.008423622047244096,711.9179842519685,0.00840625,688.4560314960631,0.008418159448818898,706.3641102362204,0.008408218503937009,
608.2077763779528,0.008464763779527559,714.6365196850394,0.00844744094488189,690.7103527559055,0.008457332677165355,709.0633448818897,0.008447933070866142,
610.8137763779528,0.008505954724409449,717.2558582677166,0.008489566929133859,693.338305511811,0.00849753937007874,711.7705007874017,0.008488582677165355,
613.1660629921261,0.008546112204724409,720.4103874015748,0.008532234251968505,695.9537259842521,0.008540649606299213,714.1270141732284,0.008529281496062992,
615.5484913385827,0.008586318897637795,722.7439874015748,0.008573425196850394,698.4710267716536,0.008582332677165355,717.0906141732285,0.008571407480314961,
617.5913133858268,0.008627460629921261,725.1757826771653,0.008614074803149607,701.1461921259844,0.008623523622047245,719.9038803149607,0.008613090551181103,
620.3564440944882,0.008669635826771655,728.0615622047244,0.008653248031496063,703.7911401574803,0.008665649606299213,722.1298299212599,0.008654773622047245,
622.9088881889763,0.008711811023622049,730.236220472441,0.008693454724409449,706.0067811023623,0.008704872047244095,724.7817732283465,0.008694931102362205,
625.2513700787401,0.008752952755905511,732.8696314960631,0.008734645669291339,708.1630614173229,0.008744045275590553,726.9511244094489,0.00873361220472441,
627.5306047244095,0.008794635826771653,735.3963905511811,0.008776771653543307,711.2791433070867,0.008786220472440945,730.1111905511813,0.008775295275590551,
630.2392566929134,0.008834842519685039,738.1807496062993,0.008817962598425197,713.4868661417323,0.00882888779527559,732.8778614173228,0.008818946850393701,
632.5407527559056,0.008874015748031497,740.7421102362206,0.00885964566929134,716.3290488188976,0.008870029527559055,735.3369511811024,0.008860629921259843,
634.7592440944882,0.008914173228346457,743.7797574803151,0.008900295275590551,718.5456125984252,0.00891023622047244,737.9439118110237,0.008900787401574803,
637.4143779527559,0.008956348425196851,745.9891716535434,0.008940452755905512,721.0461511811025,0.008951377952755907,740.5847086614174,0.008941978346456693,
639.506103937008,0.008999507874015749,748.6854078740157,0.008982135826771653,723.7486929133858,0.008992568897637797,743.0935496062992,0.008982627952755905,
642.0767716535433,0.009040157480314961,751.3000598425197,0.009023818897637795,725.7663338582678,0.009032726377952757,745.2133826771654,0.009022342519685039,
644.4075653543308,0.009079379921259843,753.9453133858268,0.009065994094488189,728.4167370078741,0.009074409448818899,748.2921700787402,0.009063484251968503,
647.1436692913386,0.009119537401574803,756.591798425197,0.009106643700787403,730.9464976377953,0.009116584645669291,750.8396913385827,0.009105659448818899,
649.400683464567,0.009159744094488189,759.2278992125985,0.00914734251968504,733.3609889763779,0.009157726377952756,753.4707968503938,0.009146801181102364,
651.5829543307087,0.009201377952755906,761.9096031496063,0.009187992125984253,735.9247370078741,0.009198425196850393,756.1708000000001,0.00918700787401575,
654.3831496062992,0.009243061023622047,764.2989511811024,0.00922716535433071,738.2573354330709,0.009238090551181103,758.5564566929133,0.009228690944881891,
656.8149448818898,0.009285236220472441,767.1199086614173,0.009268848425196851,740.5338803149607,0.009278248031496064,761.0625322834646,0.009269340551181102,
659.0184377952755,0.009325393700787402,769.6991874015748,0.009311023622047243,743.024651968504,0.00931845472440945,763.4668724409449,0.009309547244094489,
661.6264000000001,0.009367076771653543,772.4503275590552,0.009351673228346458,745.3628661417323,0.009359104330708662,766.0938267716537,0.00934970472440945,
664.014979527559,0.009406742125984253,774.9003433070867,0.009392372047244095,747.7695149606299,0.00940226377952756,768.6326582677167,0.009391879921259843,
666.4669952755905,0.009447440944881891,777.6289511811024,0.009434498031496064,750.4060818897639,0.009444438976377954,771.5521196850394,0.009434498031496064,
668.9000220472442,0.009489074803149608,780.1629385826773,0.009475196850393702,752.7331433070866,0.009485137795275591,774.1701511811024,0.00947470472440945,
671.3556535433071,0.009530757874015748,782.4863118110237,0.009514370078740158,755.3796283464568,0.009525295275590552,776.254768503937,0.00951486220472441,
673.9626141732283,0.009570915354330708,785.2117669291339,0.009555068897637796,757.3039968503937,0.009564468503937008,779.0146708661417,0.0095560531496063,
676.1222015748032,0.009613582677165356,787.824957480315,0.00959724409448819,759.8623590551181,0.009605167322834646,781.5257448818898,0.009596702755905512,
678.6482677165355,0.009655265748031498,790.7230393700788,0.009638877952755906,762.2704692913386,0.009646801181102362,784.3942236220473,0.009636909448818898,
680.7838645669292,0.009694931102362206,793.1114677165355,0.009679576771653544,765.0017700787402,0.009688976377952758,786.8075622047244,0.009679576771653544,
683.3353070866142,0.009734104330708662,795.7924000000002,0.009720718503937008,767.7810488188977,0.009730659448818898,789.481883464567,0.009722736220472442,
685.7784062992125,0.0097748031496063,798.5852913385827,0.009760925196850394,770.1592503937007,0.009771801181102362,792.138903937008,0.009762893700787402,
688.5070897637795,0.009817962598425198,800.4566015748031,0.009800590551181102,772.1964188976378,0.009811023622047246,794.4592,0.00980206692913386,
691.0237763779528,0.00985910433070866,802.9727496062992,0.009841781496062992,774.7345606299212,0.009851673228346458,796.5488881889764,0.009842273622047244,
693.3313858267717,0.009900295275590552,805.9898645669292,0.009884940944881892,777.147051968504,0.0098933562992126,799.389303937008,0.00988390748031496,
695.738188976378,0.00994148622047244,808.4248125984252,0.00992706692913386,779.9300251968505,0.009936023622047246,802.1665858267717,0.009925590551181102,
698.1761354330708,0.009981643700787402,811.236620472441,0.009966781496062994,782.488620472441,0.009978149606299213,804.3838425196851,0.00996628937007874,
700.3890110236221,0.01002130905511811,813.7882929133858,0.010006938976377952,785.097042519685,0.010019832677165354,807.1401322834646,0.010007923228346456,
703.0979338582678,0.010062992125984252,816.1184346456694,0.010048129921259844,787.4700881889764,0.010060531496062992,809.5837700787401,0.010049606299212598,
705.4439905511812,0.010105659448818898,818.5884440944882,0.010089271653543307,789.6856535433071,0.01009970472440945,812.0313259842519,0.01008976377952756,
707.9796692913386,0.01014630905511811,821.1578803149606,0.010130462598425198,791.8109480314962,0.010139370078740158,814.4184440944883,0.010129478346456694,
710.3635590551182,0.010186515748031496,823.950462992126,0.010171604330708663,794.2252094488189,0.010181545275590552,817.0343244094488,0.010170127952755906,
712.5148409448819,0.010227657480314963,826.6769196850394,0.010213779527559055,796.8519307086615,0.010223228346456694,819.681272440945,0.010211811023622048,
715.2416787401576,0.01026884842519685,828.7910614173228,0.010254970472440946,799.6647401574804,0.010263385826771653,822.0876125984253,0.01025349409448819,
717.2127212598425,0.010308513779527559,831.6667685039371,0.010295127952755905,801.7053700787402,0.010304576771653544,825.0559023622047,0.010295127952755905,
719.608220472441,0.0103501968503937,834.1303212598425,0.010335334645669292,804.1750740157481,0.01034724409448819,827.462705511811,0.010336811023622047,
722.3333700787401,0.010392372047244096,836.8108692913387,0.010375984251968505,806.4472346456694,0.010385925196850394,829.9075716535434,0.010375984251968505,
724.6990330708661,0.010433513779527559,839.4008377952756,0.010417175196850393,808.7982141732284,0.010425590551181103,832.0859212598426,0.010415157480314961,
726.8528535433071,0.010474212598425197,842.3034582677166,0.010458809055118111,811.0720661417323,0.010466781496062994,834.9739338582679,0.010456840551181104,
729.355546456693,0.010513877952755907,844.8053039370079,0.010500492125984253,814.0196692913387,0.010509399606299213,838.1030834645669,0.010500984251968505,
731.8709259842519,0.010554576771653544,847.5129952755906,0.010541683070866142,816.0912881889765,0.010551082677165355,840.460368503937,0.010542175196850394,
734.4282866141733,0.010596210629921261,849.8871968503937,0.010582332677165355,818.4128157480316,0.010592273622047246,842.8501795275591,0.010582824803149607,
736.9257511811023,0.010636417322834647,851.9863433070866,0.010621998031496063,820.8369228346456,0.010632923228346459,845.6878236220473,0.010624015748031497,
739.4157543307086,0.01067908464566929,854.660894488189,0.010662204724409449,823.1349196850394,0.010671604330708663,848.2099685039371,0.010662696850393701,
742.0623937007874,0.010721210629921261,857.4216440944882,0.010704872047244095,825.3963905511811,0.010711811023622047,850.3055779527559,0.010702362204724411,
744.2807275590551,0.010762893700787401,860.0463685039371,0.010746505905511811,828.011735433071,0.010754478346456693,853.1714456692914,0.010744537401574803,
746.7909543307087,0.010802559055118111,862.5242992125985,0.010787204724409449,830.5777858267717,0.01079763779527559,855.6843622047244,0.010787696850393703,
749.0658078740157,0.010840748031496063,864.9084188976378,0.010827854330708661,833.1662141732284,0.010839271653543307,858.1159275590552,0.01082888779527559,
751.2915244094488,0.010881938976377953,867.5489826771653,0.010868553149606299,835.2396818897639,0.01087898622047244,860.7808661417323,0.010869045275590553,
754.2237480314961,0.010925098425196851,869.7838488188977,0.010908218503937007,837.6040377952756,0.010919635826771653,862.9757480314961,0.010908710629921261,
756.5448913385827,0.010968750000000001,872.1292125984252,0.010949409448818899,840.2522141732284,0.010960334645669291,865.330261417323,0.010948917322834645,
758.8836440944882,0.011008907480314961,874.8783527559056,0.01099109251968504,842.859483464567,0.011000984251968503,867.9164629921261,0.01098956692913386,
761.0030141732284,0.011048129921259843,877.4426362204724,0.011032726377952756,844.9554015748032,0.011042175196850395,870.6349952755907,0.01103321850393701,
763.3832125984253,0.011087303149606301,880.081968503937,0.011073917322834647,847.8209574803151,0.01108484251968504,872.906157480315,0.011074901574803151,
766.0025543307087,0.011128494094488189,882.6530960629922,0.011115551181102364,850.2016188976378,0.011125984251968505,875.6236913385827,0.01111505905511811,
768.5981322834646,0.011170127952755906,885.2154582677166,0.011156742125984252,852.7229952755905,0.01116619094488189,878.0331874015748,0.011156250000000001,
771.123662992126,0.011212795275590551,887.6400251968504,0.01119591535433071,855.0656692913387,0.011206348425196851,880.4810519685041,0.011197933070866143,
773.5447685039371,0.011253986220472441,890.2956598425197,0.011237598425196851,857.229946456693,0.011246998031496064,882.9875118110236,0.011238090551181103,
776.0491496062992,0.011295127952755907,892.9028503937009,0.011278789370078741,859.7823874015749,0.011287696850393701,885.483051968504,0.011278248031496064,
778.5616094488189,0.011335826771653545,895.6732125984253,0.011319931102362204,862.271851968504,0.011329379921259843,888.2772503937009,0.011319931102362204,
780.9210456692914,0.011375492125984253,898.2880157480315,0.01136259842519685,864.802840944882,0.011371998031496064,891.0400000000001,0.011363090551181104,
783.4088188976378,0.011415649606299212,900.8526078740158,0.011404281496062992,867.3615118110237,0.011413188976377954,893.243725984252,0.011403789370078741,
785.6649070866142,0.011457332677165354,902.9100031496063,0.011443946850393702,869.6972661417324,0.011453887795275591,896.1493448818899,0.011444438976377954,
788.7126299212599,0.011498031496062992,905.4424535433071,0.011482627952755908,872.2062614173228,0.011493061023622048,898.594903937008,0.011484104330708662,
790.8139307086615,0.01154015748031496,908.0928566929135,0.011523818897637796,874.4727338582677,0.011532726377952756,901.0059370078741,0.011523818897637796,
793.6657228346456,0.011582824803149606,910.2677480314961,0.011567470472440946,877.0076440944882,0.011574409448818898,903.5781417322835,0.01156496062992126,
795.5629448818898,0.011624015748031498,913.0615622047245,0.01160861220472441,879.4009133858269,0.011617076771653545,906.5184377952755,0.011606643700787402,
797.9878204724411,0.011662696850393702,915.3528692913386,0.011648818897637796,881.809946456693,0.011659202755905512,908.943083464567,0.011649803149606298,
800.302579527559,0.01170236220472441,917.4763937007874,0.01168946850393701,884.407757480315,0.0116994094488189,911.3148976377953,0.011691486220472443,
802.7918929133858,0.011744045275590552,920.5421858267716,0.011730167322834648,886.7561196850394,0.011739566929133858,914.0726488188977,0.011731151574803152,
805.3840881889765,0.011786712598425198,922.9897417322835,0.011769832677165356,889.0020598425198,0.011779281496062992,916.4064818897639,0.011769340551181102,
807.464166929134,0.011828346456692913,925.2351433070867,0.011811515748031498,891.5308188976378,0.011819931102362204,918.8438897637795,0.011811023622047244,
810.2443716535435,0.011869537401574804,927.9196157480316,0.011854183070866144,893.8332755905512,0.011861614173228348,921.3455023622047,0.01185265748031496,
812.2866929133858,0.01190974409448819,930.3938551181103,0.011895816929133858,896.5695748031496,0.011904281496062994,923.9551559055119,0.011894340551181102,
814.7431716535433,0.011948425196850394,932.6975433070867,0.01193503937007874,898.8165133858267,0.011945423228346456,926.3536535433071,0.011936023622047244,
817.103609448819,0.011988582677165354,934.8622803149607,0.011975196850393702,901.0902897637797,0.011986122047244094,928.7187811023623,0.011975688976377954,
819.8216818897639,0.012032726377952758,937.3307559055119,0.012016879921259842,903.8443496062993,0.012027755905511812,931.2238551181104,0.012016387795275592,
822.2235622047245,0.012075393700787402,939.5510897637795,0.0120560531496063,906.14311496063,0.012067470472440944,933.9606141732285,0.012056545275590552,
824.6672000000001,0.012115551181102363,941.8981448818898,0.012097736220472442,908.157294488189,0.01210861220472441,936.0088566929135,0.012096702755905513,
827.0766960629923,0.012154773622047246,944.8831968503938,0.012139862204724409,910.4617511811025,0.0121498031496063,938.4164314960631,0.012139370078740159,
829.5267905511811,0.01219640748031496,947.2572440944882,0.012181545275590552,913.345609448819,0.012191486220472442,941.2043244094489,0.0121810531496063,
831.6924535433071,0.012236122047244096,949.7939212598425,0.012222736220472442,915.633303937008,0.012233120078740159,943.6035149606299,0.01222224409448819,
833.8937165354331,0.01227726377952756,952.1472062992126,0.012262893700787402,918.0403401574804,0.01227529527559055,945.8089322834647,0.012264370078740157,
836.7190582677165,0.012319438976377953,954.6374425196851,0.01230255905511811,920.6276157480315,0.012315994094488188,948.3638362204724,0.012304576771653544,
839.023820472441,0.012361122047244094,957.0550866141732,0.012343257874015749,922.620031496063,0.012354675196850396,950.784557480315,0.012344734251968505,
841.5451212598426,0.012401771653543307,959.7919244094488,0.012385433070866142,924.9003433070867,0.012394832677165355,952.9547559055119,0.01238494094488189,
843.5978267716536,0.012442470472440945,962.2298677165355,0.012428051181102363,927.3651275590553,0.012437007874015749,956.0481511811024,0.012426574803149607,
846.2001732283466,0.012481643700787403,964.7127212598425,0.012469734251968505,929.7458645669292,0.012479675196850394,958.163294488189,0.012468750000000002,
848.5188535433072,0.012523326771653544,967.1982645669292,0.01250994094488189,932.2560913385827,0.012520324803149607,960.3410267716536,0.012510433070866142,
850.8089322834646,0.012563976377952757,969.5246362204724,0.01255009842519685,934.4983401574804,0.01256003937007874,963.0707118110237,0.012551574803149607,
853.2953228346457,0.01260615157480315,971.9245984251969,0.012589271653543307,936.819788976378,0.012601181102362207,965.7867874015749,0.012591781496062993,
855.8810582677166,0.012648818897637797,974.4977228346457,0.012630954724409449,939.195757480315,0.012641879921259844,967.7562897637796,0.012630954724409449,
858.1272314960631,0.01268996062992126,977.0304818897639,0.012673622047244095,941.257842519685,0.012682037401574803,970.2852787401575,0.012671604330708663,
860.4279181102362,0.012729675196850393,979.859051968504,0.012715748031496063,943.8302771653543,0.012725196850393701,972.7306834645669,0.012714271653543309,
862.6364125984252,0.012768848425196851,981.8766929133859,0.012756938976377955,946.3953322834645,0.01276638779527559,975.2848188976379,0.012756938976377955,
865.1695527559056,0.01280851377952756,984.4099086614174,0.012797145669291339,948.5943653543309,0.012806545275590551,977.9095401574804,0.012798129921259843,
867.8164976377954,0.012851181102362205,986.6407023622047,0.012836318897637797,950.9718708661418,0.01284571850393701,980.0362929133859,0.012837795275590551,
870.3827811023623,0.012893848425196851,989.1982960629921,0.012877952755905513,953.52231496063,0.012887401574803151,982.5386015748031,0.012878494094488189,
873.3754456692914,0.012936023622047245,991.3950236220473,0.012919143700787401,955.6935118110237,0.012928051181102363,984.6199086614173,0.012918651574803151,
875.2176881889764,0.012976673228346457,993.9878362204724,0.012961318897637795,958.0398015748032,0.012968750000000001,986.8614677165355,0.012957824803149607,
877.4781606299213,0.013015846456692915,996.2382362204725,0.013002460629921261,960.3023496062993,0.013011417322834647,989.6932661417324,0.013000492125984253,
879.7085700787402,0.0130560531496063,998.5927496062993,0.01304365157480315,962.9902047244095,0.013052559055118112,992.1504377952756,0.013042175196850395,
882.3072251968505,0.013098228346456695,1000.832,0.013083809055118112,965.5177322834645,0.013093750000000001,994.10471496063,0.013082332677165354,
884.6841921259844,0.01313986220472441,1003.3094708661419,0.013123031496062991,967.565051968504,0.013133907480314962,996.6480062992126,0.013123523622047245,
886.8846897637795,0.0131810531496063,1005.1753952755906,0.013163188976377953,969.7359433070866,0.013174114173228347,998.9704566929134,0.01316466535433071,
889.3776157480315,0.013223720472440945,1007.9968157480315,0.0132058562992126,972.2967685039372,0.013215255905511812,1001.1739496062992,0.013205364173228349,
891.5833385826771,0.01326486220472441,1010.5134267716536,0.013246998031496064,974.7014173228347,0.01325595472440945,1003.4267338582678,0.013245521653543308,
893.8990992125985,0.013305068897637797,1012.4830047244094,0.0132867125984252,977.0573952755906,0.013298129921259842,1006.025851968504,0.013287696850393702,
896.3997921259843,0.013343750000000001,1015.0912724409449,0.013328887795275591,979.5535496062993,0.013340255905511812,1008.4348850393702,0.013330364173228347,
898.6602645669292,0.01338494094488189,1017.645946456693,0.013370029527559056,981.9176755905512,0.013381446850393702,1010.906588976378,0.013370521653543306,
901.352346456693,0.013426574803149606,1019.6741196850394,0.01340974409448819,984.3297858267716,0.013421604330708662,1013.4482645669292,0.013411220472440945,
903.5699118110236,0.013467765748031497,1022.1725826771655,0.013450393700787402,986.408094488189,0.013461318897637796,1015.8217732283465,0.01345187007874016,
906.0729889763779,0.01350841535433071,1024.6210645669291,0.013493061023622048,988.583137007874,0.013501968503937008,1017.8663275590552,0.013492076771653544,
908.4063590551181,0.013550590551181104,1027.1856535433071,0.013535728346456694,991.0626078740157,0.013544143700787402,1020.3760157480316,0.01353321850393701,
910.945420472441,0.013590748031496062,1029.4392062992126,0.013575885826771654,993.6261984251969,0.013586318897637797,1023.0913984251969,0.013575885826771654,
913.2131212598426,0.013630462598425198,1031.527051968504,0.013618061023622048,995.8486866141733,0.013627952755905512,1025.4157700787403,0.0136185531496063,
915.5530267716537,0.013670620078740158,1034.1911433070868,0.013658218503937008,998.0766330708661,0.013668159448818898,1027.669168503937,0.013658710629921262,
917.8214960629922,0.013713287401574804,1036.4026362204725,0.01369744094488189,1000.0878141732284,0.013707824803149606,1030.1413322834646,0.013698425196850396,
920.3788598425197,0.013754478346456692,1038.7509228346457,0.013738090551181104,1002.2806960629922,0.013748031496062994,1032.4300251968505,0.013738582677165354,
922.6341039370079,0.013795620078740158,1041.1116661417323,0.01378075787401575,1004.6115275590552,0.01378966535433071,1034.975316535433,0.013779773622047246,
924.7976913385827,0.0138373031496063,1043.5330047244095,0.013823425196850396,1007.0210236220472,0.013831840551181104,1037.0132566929135,0.013820915354330708,
927.263703937008,0.013876476377952756,1045.927272440945,0.013863582677165354,1009.4292094488189,0.013873523622047246,1039.5543181102364,0.013863090551181104,
929.4462803149606,0.013916190944881892,1048.0444157480315,0.013902755905511812,1011.7977984251969,0.013914665354330709,1042.2387118110237,0.013903789370078742,
931.6149417322836,0.013958316929133859,1050.5479527559057,0.013943946850393702,1014.0774929133859,0.01395634842519685,1044.149851968504,0.01394591535433071,
934.347240944882,0.01400246062992126,1052.8228031496062,0.013985137795275592,1016.2054771653544,0.013995521653543308,1046.5097511811023,0.013986122047244094,
936.6127118110236,0.014043651574803152,1055.3427181102363,0.014026771653543307,1018.2854015748031,0.014034744094488188,1049.2218267716537,0.014025295275590552,
939.045735433071,0.01408331692913386,1057.58342992126,0.014067962598425198,1020.4095401574804,0.014075885826771654,1051.162494488189,0.01406599409448819,
941.3464251968504,0.014124015748031498,1059.969011023622,0.01411013779527559,1023.0610236220473,0.014118061023622048,1053.5997480314961,0.014108120078740157,
943.7535370078741,0.01416515748031496,1062.2410960629923,0.014151279527559056,1025.2469102362204,0.014157726377952757,1056.0280818897638,0.014150295275590552,
946.0544566929135,0.014205856299212598,1064.5980724409449,0.014190452755905513,1027.4309480314962,0.014198425196850396,1058.56191496063,0.014192470472440946,
948.4707181102362,0.01424753937007874,1066.720135433071,0.014230659448818898,1029.7379433070867,0.014241584645669292,1060.5764031496064,0.014233120078740159,
951.074988976378,0.014289173228346459,1068.7356976377953,0.014271801181102363,1032.285694488189,0.014282234251968503,1063.4039748031496,0.014273326771653544,
953.2138141732285,0.014330364173228347,1071.1797196850393,0.0143125,1034.1487748031498,0.014321407480314961,1065.1292598425198,0.014312007874015749,
955.7751748031496,0.014370521653543309,1073.9553102362206,0.014354183070866142,1036.3269700787403,0.014362598425196852,1067.133905511811,0.014352657480314961,
958.0097354330709,0.014411220472440946,1076.1695685039372,0.014396801181102363,1038.844040944882,0.014405757874015749,1070.020683464567,0.014395816929133859,
960.1144976377954,0.014451377952755905,1078.5086267716536,0.014437992125984254,1041.1489606299212,0.014446899606299213,1072.260242519685,0.0144375,
962.3974992125984,0.014491584645669292,1080.7278078740158,0.014478149606299213,1043.4825606299214,0.014488582677165355,1074.685577952756,0.014478149606299213,
964.9294110236222,0.014533218503937009,1083.0493354330708,0.0145183562992126,1045.7261921259842,0.014530265748031497,1076.6037165354333,0.014519340551181105,
967.6158803149607,0.014575393700787403,1085.0495212598425,0.01455851377952756,1047.7815874015748,0.014569438976377955,1078.9343937007875,0.014559498031496063,
969.5900755905514,0.014617568897637795,1087.1012251968505,0.014600196850393701,1049.4931086614174,0.014609104330708663,1080.9428818897638,0.014598720472440947,
971.9678110236222,0.014658710629921261,1089.737559055118,0.014642864173228347,1052.2536283464567,0.014650787401574805,1083.2009732283466,0.01463986220472441,
974.0874141732284,0.014698425196850395,1092.2973826771654,0.014683021653543307,1054.5966866141734,0.014693946850393701,1085.6771338582678,0.014683021653543307,
976.4733007874016,0.014737598425196851,1094.37422992126,0.014724212598425199,1056.9162141732284,0.014735137795275592,1088.2329606299213,0.014724704724409449,
978.4241196850394,0.014777755905511811,1096.7941826771655,0.014764862204724411,1059.2788818897639,0.0147748031496063,1090.3812440944882,0.014765354330708661,
980.7423401574804,0.014818946850393703,1098.7928314960632,0.014804576771653545,1061.2814488188976,0.014815994094488189,1092.572818897638,0.014806545275590553,
983.2639496062993,0.014861614173228347,1101.141039370079,0.014845718503937008,1063.14391496063,0.014856151574803151,1095.0801228346456,0.014846210629921261,
985.501892913386,0.01490378937007874,1103.427735433071,0.01488740157480315,1065.6533732283465,0.01489734251968504,1097.0339401574804,0.014885925196850395,
987.7550582677167,0.014943946850393701,1105.9511874015748,0.014929576771653545,1067.845640944882,0.014938484251968503,1099.2334362204724,0.01492859251968504,
989.8644346456693,0.01498361220472441,1108.323694488189,0.01497071850393701,1070.1560976377953,0.014980659448818899,1101.8357070866143,0.014970226377952756,
992.364894488189,0.015024311023622047,1110.5168850393702,0.015012401574803151,1072.318220472441,0.01502234251968504,1104.2265165354331,0.015011417322834647,
994.7346362204726,0.015065944881889764,1112.7423716535434,0.01505206692913386,1074.682040944882,0.015062500000000001,1106.292368503937,0.01505255905511811,
996.9736566929134,0.01510861220472441,1114.9258740157481,0.015091781496062993,1076.7429732283465,0.01510216535433071,1108.7971370078742,0.015094242125984252,
999.3610047244096,0.015150295275590552,1117.173735433071,0.01513341535433071,1078.783757480315,0.015142864173228347,1110.7125826771655,0.01513494094488189,
1001.6114834645671,0.015190944881889766,1119.4890362204724,0.015174114173228347,1081.1366582677165,0.015183021653543308,1112.8268031496063,0.015174114173228347,
1003.8830267716536,0.015232627952755907,1121.4477732283465,0.015215255905511812,1083.298705511811,0.015223720472440945,1115.1218015748032,0.01521427165354331,
1005.8612220472442,0.015272342519685041,1123.7978299212598,0.015257923228346458,1085.7710992125985,0.015266879921259843,1117.620494488189,0.015257431102362206,
1008.2148125984253,0.015312992125984254,1125.904513385827,0.0152996062992126,1088.0227307086616,0.015310039370078741,1119.5535496062992,0.0152996062992126,
1010.4158456692915,0.015353690944881891,1128.1739811023622,0.015339763779527558,1090.3084251968505,0.015350688976377954,1121.9680440944883,0.015339763779527558,
1013.0718645669292,0.015394832677165354,1130.1745511811025,0.015378444881889764,1092.1234456692914,0.015390354330708662,1123.8995590551183,0.015380462598425198,
1015.7039716535434,0.015436515748031496,1132.0508566929134,0.015419143700787402,1094.0698047244096,0.015429576771653544,1126.1538803149608,0.015419635826771654,
1017.530988976378,0.015478690944881891,1134.4562771653543,0.01546181102362205,1096.5163622047244,0.015470226377952756,1128.439039370079,0.01545984251968504,
1019.810148031496,0.01552081692913386,1136.806103937008,0.015503494094488191,1098.7976755905513,0.015512893700787402,1130.698588976378,0.015501476377952758,
1022.0866897637795,0.015559498031496064,1139.0791086614174,0.015544143700787404,1101.2819118110237,0.015555068897637796,1132.9703653543309,0.015544143700787404,
1024.1964503937008,0.015599212598425198,1141.078601574803,0.015585826771653545,1103.1710614173228,0.015595718503937008,1135.3755527559056,0.015586811023622048,
1026.5625763779528,0.015640846456692916,1143.1018551181103,0.015625984251968504,1105.1518677165354,0.015635925196850396,1137.0556251968503,0.01562746062992126,
1029.0335874015748,0.015683021653543308,1145.169168503937,0.015665649606299216,1107.400113385827,0.015676082677165356,1139.3407811023624,0.01566668307086614,
1031.1820251968504,0.015723720472440944,1147.2912314960631,0.015707332677165356,1109.3696188976378,0.015716781496062992,1141.5719590551182,0.015706840551181104,
1033.607051968504,0.015765354330708664,1149.6154488188977,0.015750492125984252,1111.4825291338584,0.015757923228346456,1143.7359275590552,0.015748523622047244,
1035.7667181102363,0.0158060531496063,1151.989650393701,0.015792175196850396,1113.7653795275592,0.015800590551181104,1146.0277732283464,0.01579015748031496,
1037.8613291338584,0.015845226377952756,1153.7178582677166,0.015831348425196852,1116.1402708661417,0.015841781496062995,1148.1826708661417,0.015831840551181104,
1039.9479433070867,0.01588494094488189,1155.9864062992126,0.01587253937007874,1117.9798236220472,0.01588341535433071,1149.9436346456694,0.015873031496062992,
1042.29422992126,0.01592706692913386,1158.068022047244,0.01591417322834646,1119.9680881889765,0.015923622047244096,1151.9699653543307,0.015913681102362204,
1044.6808881889765,0.015969734251968504,1159.9467118110238,0.015953346456692913,1121.9870362204726,0.015963287401574804,1154.0152881889765,0.015953346456692913,
1046.8201732283464,0.016011417322834648,1161.6603874015748,0.015994045275590552,1123.85511496063,0.01600349409448819,1156.1388881889764,0.015993061023622048,
1049.0849543307086,0.016050590551181104,1163.910094488189,0.016036712598425196,1125.73311496063,0.016045127952755905,1158.3596062992126,0.016034694881889765,
1051.5410456692914,0.01609128937007874,1166.3125165354331,0.01607736220472441,1127.9173858267718,0.016086318897637796,1160.197618897638,0.01607687007874016,
1053.437577952756,0.016132431102362205,1168.295398425197,0.016119045275590552,1130.081892913386,0.01612849409448819,1162.4333322834646,0.016119045275590552,
1055.788094488189,0.016172637795275592,1170.1631716535435,0.016159694881889765,1132.1673543307088,0.016170127952755905,1164.598377952756,0.016160728346456692,
1057.6743212598426,0.01621427165354331,1171.6917606299214,0.0161994094488189,1134.1401637795277,0.016211318897637796,1166.523820472441,0.01620137795275591,
1060.2281480314962,0.0162554625984252,1173.7380818897639,0.01623907480314961,1135.838998425197,0.01625,1168.1512976377953,0.016241043307086617,
1062.392040944882,0.016297096456692917,1175.6686771653544,0.01628125,1138.037801574803,0.01628966535433071,1170.0901984251968,0.01628125,
1064.656664566929,0.01633927165354331,1177.7494456692914,0.0163244094488189,1139.9643968503938,0.016332332677165357,1172.0778488188978,0.016321899606299213,
1066.827864566929,0.016379478346456696,1180.0087653543308,0.016366584645669292,1142.109376377953,0.01637450787401575,1173.776683464567,0.01636407480314961,
1069.1313196850394,0.016419143700787404,1181.7497385826773,0.016406742125984253,1143.9612283464567,0.016415649606299213,1175.603083464567,0.01640575787401575,
1071.2742992125984,0.01645984251968504,1183.3217732283465,0.01644640748031496,1145.8280787401577,0.016456840551181105,1177.7564440944882,0.016447933070866144,
1073.4864818897638,0.01650196850393701,1184.91502992126,0.016486122047244096,1147.5505952755907,0.016498031496062993,1179.1993732283465,0.016487598425196853,
1075.9127401574804,0.0165441437007874,1186.346809448819,0.016526279527559057,1149.5117952755907,0.016536220472440945,1180.7874015748032,0.01652677165354331,
1077.934148031496,0.016585826771653545,1188.1588346456695,0.0165689468503937,1150.9568787401574,0.016577362204724413,1182.5545952755906,0.01656648622047244,
1080.252368503937,0.016626476377952757,1190.2431401574804,0.016610629921259844,1153.0900913385829,0.01662101377952756,1184.061883464567,0.016609596456692913,
1082.1935748031497,0.01666619094488189,1191.8091779527558,0.01665226377952756,1155.3730173228348,0.016663188976377953,1185.8173133858268,0.016652755905511813,
1084.3185606299212,0.01670536417322835,1193.2297291338584,0.016692962598425197,1156.8647716535434,0.016703346456692914,1187.5376,0.01669345472440945,
1086.5758803149606,0.01674753937007874,1194.7750047244094,0.016733120078740157,1158.668337007874,0.01674306102362205,1188.869187401575,0.01673410433070866,
1088.949388976378,0.01679015748031496,1196.5035212598425,0.01677431102362205,1160.3797070866142,0.01678474409448819,1190.3896251968504,0.0167748031496063,
1090.94111496063,0.01683282480314961,1198.1682141732283,0.01681496062992126,1161.7888787401575,0.016824901574803153,1191.724440944882,0.016813976377952757,
1093.2175055118112,0.016873031496062993,1199.5746960629922,0.0168566437007874,1163.6838708661417,0.016865551181102365,1192.6034236220473,0.016854675196850393,
1095.2992755905514,0.01691220472440945,1200.909662992126,0.016898326771653545,1165.1669385826772,0.016907726377952757,1193.958462992126,0.01689734251968504,
1097.048475590551,0.016951377952755906,1202.2134897637795,0.016938976377952757,1166.906988976378,0.016949409448818897,1195.2168440944881,0.016938976377952757,
1099.406988976378,0.016992568897637797,1203.958692913386,0.01698115157480315,1168.798598425197,0.016990551181102362,1196.0776031496064,0.016980167322834645,
1101.5286677165354,0.017034202755905514,1204.7489385826773,0.01702032480314961,1169.9651653543308,0.01703075787401575,1197.4472503937009,0.017021309055118113,
1103.9674582677167,0.017076870078740158,1205.6893606299213,0.01706003937007874,1171.1301196850395,0.017069931102362206,1197.9938960629922,0.01706200787401575,
1105.81431496063,0.01711806102362205,1206.8546992125985,0.017101673228346458,1172.872862992126,0.017111122047244097,1198.7694551181103,0.01710216535433071,
1108.1972818897639,0.01715920275590551,1207.841335433071,0.0171433562992126,1173.9614614173229,0.01715177165354331,1199.1300125984253,0.017142372047244097,
1110.2057700787402,0.017200885826771657,1208.876031496063,0.017184498031496066,1175.619155905512,0.017194931102362206,1199.4789606299212,0.01718351377952756,
1112.4617826771653,0.01723956692913386,1209.8949606299213,0.017226673228346458,1177.1118362204725,0.0172371062992126,1199.8000724409449,0.017226673228346458,
1114.3200976377952,0.017279773622047245,1210.483051968504,0.01726786417322835,1178.3008566929134,0.017278248031496066,1200.0367559055119,0.01726786417322835,
1116.5256661417322,0.01732244094488189,1211.0970551181103,0.017307037401574802,1179.447587401575,0.017317962598425198,1199.5581637795276,0.017308021653543306,
1118.7208566929135,0.017362598425196853,1211.4225511811023,0.01734670275590551,1180.2858929133859,0.017357135826771654,1198.6376566929134,0.017348228346456693,
1120.4932787401574,0.017404281496062993,1211.7996440944883,0.017388385826771654,1181.3376598425198,0.01739734251968504,1197.8549448818899,0.017388385826771654,
1122.8085007874017,0.017446899606299214,1212.3112220472442,0.0174310531496063,1182.4554015748033,0.017438976377952758,1195.7279622047245,0.01742908464566929,
1124.457968503937,0.01748759842519685,1212.2213322834646,0.017471702755905514,1183.4820220472443,0.017482135826771654,1192.9526015748033,0.017471702755905514,
1126.2177826771656,0.017525787401574806,1212.2235622047244,0.017512893700787402,1184.2897228346458,0.017523818897637794,1188.74977007874,0.017514370078740158,
1128.3788283464569,0.01756648622047244,1212.287924409449,0.017553051181102362,1185.1551748031495,0.017563976377952758,1180.5724031496063,0.017555068897637797,
1130.3624031496063,0.017609596456692914,1211.3766456692913,0.017593750000000002,1186.118818897638,0.01760369094488189,1157.1249070866143,0.017594242125984254,
1132.562976377953,0.01765226377952756,1210.677672440945,0.01763341535433071,1186.151883464567,0.017644340551181102,1062.7816661417323,0.01760216535433071,
1134.2122141732284,0.017692470472440946,1209.5692346456694,0.017676082677165354,1186.903757480315,0.017686023622047246,957.3439023622047,0.017604183070866145,
1136.4576157480317,0.01773312007874016,1208.2028188976378,0.017718750000000002,1187.2991496062991,0.01772716535433071,833.4853291338583,0.01760615157480315,
1138.4331181102364,0.0177748031496063,1206.3842582677166,0.01775994094488189,1187.7738992125985,0.017769340551181106,700.8133165354332,0.017608120078740158,
1140.4019275590551,0.017814468503937007,1203.4828692913386,0.017799114173228346,1187.862251968504,0.017810531496062994,,,
1142.3272188976377,0.017854675196850394,1199.4877291338582,0.01783976377952756,1187.7134582677165,0.01785216535433071,,,
1144.4448188976378,0.017898326771653546,1194.153618897638,0.017880462598425198,1187.7381417322836,0.017892372047244098,,,
1146.659464566929,0.017939960629921262,1185.2290677165354,0.017921604330708663,1186.8524692913386,0.01793154527559055,,,
1148.3439968503938,0.017979675196850394,1163.66502992126,0.017963287401574803,1186.181716535433,0.01797224409448819,,,
1150.2842015748033,0.018019340551181103,1082.8020409448818,0.01797121062992126,1185.4972,0.01801486220472441,,,
1152.117294488189,0.018060531496062994,979.6559716535434,0.017973228346456694,1184.4421291338583,0.01805556102362205,,,
1154.0222078740157,0.01810167322834646,857.518916535433,0.017975196850393702,1183.061946456693,0.01809670275590551,,,
1155.9946330708663,0.018142372047244094,724.339168503937,0.01797716535433071,1181.3836440944883,0.01813937007874016,,,
1158.0321102362204,0.018184005905511814,658.6459622047245,0.01797869094488189,1178.7990582677166,0.018179576771653546,,,
1159.7757763779528,0.018225688976377954,,,1175.3086551181104,0.01821875,,,
1161.7396661417324,0.018266387795275594,,,1171.6805322834646,0.018259399606299215,,,
1163.6615716535434,0.01830654527559055,,,1166.26991496063,0.018301574803149607,,,
1165.3125763779528,0.018346702755905515,,,1158.6994047244095,0.0183427657480315,,,
1167.1076062992126,0.018388385826771655,,,1145.0275275590552,0.01838390748031496,,,
1168.9243968503938,0.01842859251968504,,,1038.2169669291338,0.018413681102362207,,,
1170.824157480315,0.018470718503937007,,,936.1184346456694,0.018415649606299215,,,
1172.3596661417323,0.018512893700787403,,,815.0704346456694,0.018417667322834647,,,
1173.991294488189,0.018553592519685042,,,686.2448472440946,0.018419635826771655,,,
1175.6546047244096,0.018594242125984255,,,,,,,
1177.1560503937008,0.018633907480314963,,,,,,,
1178.747461417323,0.018674114173228347,,,,,,,
1180.5551811023624,0.018717273622047247,,,,,,,
1182.1804251968504,0.01875994094488189,,,,,,,
1183.680103937008,0.018801082677165355,,,,,,,
1185.1551748031495,0.018840748031496064,,,,,,,
1186.6067149606301,0.018879970472440947,,,,,,,
1187.9150771653544,0.018920127952755907,,,,,,,
1189.14408503937,0.01896279527559055,,,,,,,
1190.530957480315,0.019004970472440947,,,,,,,
1191.4709196850395,0.019046604330708664,,,,,,,
1192.396346456693,0.0190873031496063,,,,,,,
1193.2614866141732,0.019127952755905512,,,,,,,
1194.4002204724409,0.0191681594488189,,,,,,,
1194.972472440945,0.019208809055118112,,,,,,,
1195.554872440945,0.01925,,,,,,,
1196.0020157480315,0.019290157480314964,,,,,,,
1196.1449606299213,0.019330364173228348,,,,,,,
1196.3843338582676,0.019372539370078743,,,,,,,
1195.8787527559055,0.019414173228346456,,,,,,,
1195.0489826771654,0.019454872047244096,,,,,,,
1193.3466866141734,0.019494537401574804,,,,,,,
1190.5514110236222,0.019535728346456695,,,,,,,
1185.7954740157481,0.019578346456692916,,,,,,,
1171.3900251968505,0.019620029527559056,,,,,,,
1077.8901637795277,0.01963937007874016,,,,,,,
974.2319748031497,0.019640846456692913,,,,,,,
852.5601322834647,0.019642864173228348,,,,,,,
719.402683464567,0.019645324803149608,,,,,,,
653.5305417322834,0.019646309055118112,,,,,,,
